division,rank,fighter,avgCardSlot,fightsUsed,lastFight,divisionInferred
HEAVYWEIGHT,1,"Alex Pereira",1.33,3,2026-06-14,no
HEAVYWEIGHT,2,"Tom Aspinall",1.67,3,2025-10-25,yes
HEAVYWEIGHT,3,"Ciryl Gane",2.00,3,2026-06-14,no
HEAVYWEIGHT,4,"Curtis Blaydes",2.67,3,2026-04-11,no
HEAVYWEIGHT,5,"Tallison Teixeira",2.67,3,2026-05-30,no
HEAVYWEIGHT,6,"Jairzinho Rozenstruik",2.67,3,2025-02-01,yes
HEAVYWEIGHT,7,"Derrick Lewis",2.67,3,2026-06-14,no
HEAVYWEIGHT,8,"Sergei Pavlovich",3.00,3,2026-05-30,no
HEAVYWEIGHT,9,"Rizvan Kuniev",3.00,2,2026-02-07,no
HEAVYWEIGHT,10,"Alexander Volkov",3.33,3,2026-05-09,no
HEAVYWEIGHT,11,"Waldo Cortes-Acosta",3.33,3,2026-01-24,yes
HEAVYWEIGHT,12,"Jailton Almeida",3.67,3,2026-02-07,yes
HEAVYWEIGHT,13,"Sergey Spivak",4.33,3,2025-06-07,yes
HEAVYWEIGHT,14,"Aleksandar Rakic",4.67,3,2025-10-25,no
HEAVYWEIGHT,15,"Ante Delija",4.67,3,2026-02-22,no
HEAVYWEIGHT,16,"Tai Tuivasa",5.33,3,2026-05-02,no
HEAVYWEIGHT,17,"Josh Hokit",5.67,3,2026-06-14,no
HEAVYWEIGHT,18,"Shamil Gaziev",5.67,3,2026-05-02,no
HEAVYWEIGHT,19,"Vitor Petrino",7.00,3,2026-03-14,no
HEAVYWEIGHT,20,"Sean Sharaf",7.67,3,2026-05-02,no
HEAVYWEIGHT,21,"Mario Pinto",8.00,3,2026-03-21,no
HEAVYWEIGHT,22,"Jhonata Diniz",8.00,3,2026-06-20,no
HEAVYWEIGHT,23,"Marcus Buchecha",8.33,3,2026-04-25,no
HEAVYWEIGHT,24,"Steven Asplund",8.50,2,2026-03-14,no
HEAVYWEIGHT,25,"Marcin Tybura",8.67,3,2026-03-28,no
HEAVYWEIGHT,26,"Thomas Peterson",8.67,3,2025-10-11,no
HEAVYWEIGHT,27,"Louie Sutherland",9.00,3,2026-05-02,no
HEAVYWEIGHT,28,"Ryan Spann",9.00,3,2026-04-25,no
HEAVYWEIGHT,29,"Brando Pericic",9.00,3,2026-05-02,no
HEAVYWEIGHT,30,"Valter Walker",9.33,3,2026-03-28,no
HEAVYWEIGHT,31,"Kennedy Nzechukwu",9.67,3,2025-12-13,yes
HEAVYWEIGHT,32,"Chris Barnett",10.00,3,2025-10-25,yes
HEAVYWEIGHT,33,"Don'tale Mayes",10.33,3,2025-05-03,yes
HEAVYWEIGHT,34,"Guilherme Pat",10.50,2,2026-04-04,no
HEAVYWEIGHT,35,"Mick Parkin",11.00,3,2026-03-21,no
HEAVYWEIGHT,36,"Martin Buday",11.33,3,2025-07-26,no
HEAVYWEIGHT,37,"Denzel Freeman",12.00,2,2026-01-24,yes
HEAVYWEIGHT,38,"Mohammed Usman",12.00,3,2025-06-21,yes
HEAVYWEIGHT,39,"Lukasz Brzeski",13.00,3,2025-07-19,yes
LIGHT_HEAVYWEIGHT,1,"Carlos Ulberg",1.33,3,2026-04-11,no
LIGHT_HEAVYWEIGHT,2,"Robert Whittaker",1.33,3,2025-07-26,no
LIGHT_HEAVYWEIGHT,3,"Magomed Ankalaev",1.67,3,2025-10-04,no
LIGHT_HEAVYWEIGHT,4,"Khalil Rountree Jr.",1.67,3,2025-10-04,no
LIGHT_HEAVYWEIGHT,5,"Jamahal Hill",1.67,3,2025-06-21,yes
LIGHT_HEAVYWEIGHT,6,"Zhang Mingyang",1.67,3,2026-05-30,no
LIGHT_HEAVYWEIGHT,7,"Paulo Costa",2.00,3,2026-04-11,no
LIGHT_HEAVYWEIGHT,8,"Jiri Prochazka",2.33,3,2026-04-11,no
LIGHT_HEAVYWEIGHT,9,"Dominick Reyes",3.33,3,2026-04-11,no
LIGHT_HEAVYWEIGHT,10,"Johnny Walker",3.33,3,2026-04-11,no
LIGHT_HEAVYWEIGHT,11,"Anthony Smith",3.67,3,2025-04-26,yes
LIGHT_HEAVYWEIGHT,12,"Alonzo Menifield",3.67,3,2026-05-30,no
LIGHT_HEAVYWEIGHT,13,"Jan Blachowicz",4.33,3,2026-05-09,no
LIGHT_HEAVYWEIGHT,14,"Dustin Jacoby",4.33,3,2026-02-07,no
LIGHT_HEAVYWEIGHT,15,"Volkan Oezdemir",4.33,3,2025-11-22,yes
LIGHT_HEAVYWEIGHT,16,"Azamat Murzakanov",4.67,3,2026-04-11,no
LIGHT_HEAVYWEIGHT,17,"Ion Cutelaba",5.00,3,2026-06-20,no
LIGHT_HEAVYWEIGHT,18,"Austen Lane",5.00,3,2026-03-21,no
LIGHT_HEAVYWEIGHT,19,"Bogdan Guskov",5.33,3,2026-05-09,no
LIGHT_HEAVYWEIGHT,20,"Iwo Baraniewski",5.33,3,2026-06-06,no
LIGHT_HEAVYWEIGHT,21,"Modestas Bukauskas",5.33,3,2026-05-16,no
LIGHT_HEAVYWEIGHT,22,"Jim Crute",5.67,3,2025-09-27,yes
LIGHT_HEAVYWEIGHT,23,"Brendson Ribeiro",5.67,3,2026-04-04,no
LIGHT_HEAVYWEIGHT,24,"Nikita Krylov",6.00,3,2026-01-24,no
LIGHT_HEAVYWEIGHT,25,"Oumar Sy",6.00,3,2026-03-14,no
LIGHT_HEAVYWEIGHT,26,"Julius Walker",6.00,3,2026-02-07,no
LIGHT_HEAVYWEIGHT,27,"Billy Elekana",6.33,3,2026-06-06,no
LIGHT_HEAVYWEIGHT,28,"Ivan Erslan",6.67,3,2026-05-16,no
LIGHT_HEAVYWEIGHT,29,"Navajo Stirling",6.67,3,2026-06-20,no
LIGHT_HEAVYWEIGHT,30,"Junior Tafa",7.00,3,2026-06-06,no
LIGHT_HEAVYWEIGHT,31,"Tuco Tokkos",7.00,3,2026-05-16,no
LIGHT_HEAVYWEIGHT,32,"Kevin Christian",8.00,2,2026-05-02,no
LIGHT_HEAVYWEIGHT,33,"Rodolfo Bellato",8.33,3,2026-05-16,no
LIGHT_HEAVYWEIGHT,34,"Raffael Cerqueira",8.33,3,2025-08-09,yes
LIGHT_HEAVYWEIGHT,35,"Bruno Lopes",9.00,3,2026-03-28,no
LIGHT_HEAVYWEIGHT,36,"Ibo Aslan",9.33,3,2025-12-06,yes
LIGHT_HEAVYWEIGHT,37,"Diyar Nurgozhay",10.00,3,2026-03-07,no
LIGHT_HEAVYWEIGHT,38,"Marcin Prachnio",10.67,3,2025-07-19,yes
LIGHT_HEAVYWEIGHT,39,"Magomed Gadzhiyasulov",11.00,3,2025-01-11,yes
LIGHT_HEAVYWEIGHT,40,"Uran Satybaldiev",11.50,2,2025-08-23,no
MIDDLEWEIGHT,1,"Dricus Du Plessis",1.00,3,2025-08-16,no
MIDDLEWEIGHT,2,"Sean Strickland",1.00,3,2026-05-09,no
MIDDLEWEIGHT,3,"Israel Adesanya",1.00,3,2026-03-28,no
MIDDLEWEIGHT,4,"Khamzat Chimaev",1.33,3,2026-05-09,no
MIDDLEWEIGHT,5,"Caio Borralho",1.33,3,2026-03-07,no
MIDDLEWEIGHT,6,"Anthony Hernandez",1.33,3,2026-02-22,no
MIDDLEWEIGHT,7,"Reinier De Ridder",1.33,3,2025-10-18,yes
MIDDLEWEIGHT,8,"Nassourdine Imavov",1.33,3,2025-09-06,yes
MIDDLEWEIGHT,9,"Jared Cannonier",2.00,3,2025-08-16,no
MIDDLEWEIGHT,10,"Roman Dolidze",2.33,3,2026-03-21,no
MIDDLEWEIGHT,11,"Joe Pyfer",3.00,3,2026-03-28,no
MIDDLEWEIGHT,12,"Cesar Almeida",3.00,3,2025-12-13,no
MIDDLEWEIGHT,13,"Brendan Allen",3.33,3,2026-06-06,no
MIDDLEWEIGHT,14,"Sharabutdin Magomedov",3.33,3,2025-07-26,yes
MIDDLEWEIGHT,15,"Jack Hermansson",3.67,3,2025-11-22,yes
MIDDLEWEIGHT,16,"Abdul Razak Alhassan",4.00,3,2025-01-11,yes
MIDDLEWEIGHT,17,"Dustin Stoltzfus",4.00,3,2025-09-13,yes
MIDDLEWEIGHT,18,"Paul Craig",4.33,3,2025-09-06,yes
MIDDLEWEIGHT,19,"Ikram Aliskerov",4.67,3,2025-10-25,no
MIDDLEWEIGHT,20,"Bo Nickal",4.67,3,2026-06-14,no
MIDDLEWEIGHT,21,"Edmen Shahbazyan",5.33,3,2026-06-06,no
MIDDLEWEIGHT,22,"Michal Oleksiejczuk",5.33,3,2026-02-07,no
MIDDLEWEIGHT,23,"Nursulton Ruziboev",5.33,3,2025-05-17,no
MIDDLEWEIGHT,24,"Christian Leroy Duncan",5.33,3,2026-03-21,no
MIDDLEWEIGHT,25,"Jun Yong Park",5.67,3,2025-10-25,yes
MIDDLEWEIGHT,26,"Marc-Andre Barriault",5.67,3,2026-02-07,no
MIDDLEWEIGHT,27,"Marvin Vettori",6.00,3,2025-12-06,no
MIDDLEWEIGHT,28,"Ozzy Diaz",6.00,2,2026-05-09,no
MIDDLEWEIGHT,29,"Kelvin Gastelum",6.00,3,2026-04-11,no
MIDDLEWEIGHT,30,"Armen Petrosyan",6.00,3,2025-03-08,yes
MIDDLEWEIGHT,31,"Gregory Rodrigues",6.33,3,2026-03-07,no
MIDDLEWEIGHT,32,"Vicente Luque",6.33,3,2026-04-11,no
MIDDLEWEIGHT,33,"Michel Pereira",6.33,3,2026-02-22,no
MIDDLEWEIGHT,34,"Roman Kopylov",6.67,3,2026-05-09,no
MIDDLEWEIGHT,35,"Dusko Todorovic",6.67,3,2026-03-07,no
MIDDLEWEIGHT,36,"Andre Muniz",6.67,3,2025-10-04,yes
MIDDLEWEIGHT,37,"Abusupiyan Magomedov",7.00,2,2025-10-04,yes
MIDDLEWEIGHT,38,"Cameron Rowston",7.00,2,2026-01-31,yes
MIDDLEWEIGHT,39,"Torrez Finney",7.00,2,2026-01-31,yes
MIDDLEWEIGHT,40,"Jose Daniel Medina",7.00,3,2026-02-28,no
MIDDLEWEIGHT,41,"Ateba Abega Gautier",7.33,3,2026-01-24,yes
MIDDLEWEIGHT,42,"Robert Valentin",7.33,3,2026-04-18,no
MIDDLEWEIGHT,43,"Robert Bryczek",7.33,3,2026-05-02,no
MIDDLEWEIGHT,44,"Rodolfo Vieira",7.67,3,2026-04-25,no
MIDDLEWEIGHT,45,"Mansur Abdul-Malik",7.67,3,2026-03-28,no
MIDDLEWEIGHT,46,"Andre Petroski",7.67,3,2026-05-16,no
MIDDLEWEIGHT,47,"Ryan Loder",7.67,3,2025-11-22,yes
MIDDLEWEIGHT,48,"Zachary Reese",8.00,2,2025-09-13,no
MIDDLEWEIGHT,49,"Donte Johnson",8.33,3,2026-03-07,no
MIDDLEWEIGHT,50,"Zach Reese",8.33,3,2026-02-22,no
MIDDLEWEIGHT,51,"Ihor Potieria",8.33,3,2025-01-11,yes
MIDDLEWEIGHT,52,"Dylan Budka",8.33,3,2025-02-15,yes
MIDDLEWEIGHT,53,"Kyle Daukaus",8.33,3,2026-06-14,no
MIDDLEWEIGHT,54,"Yousri Belgaroui",8.50,2,2026-03-28,no
MIDDLEWEIGHT,55,"Nick Klein",8.50,2,2025-08-02,yes
MIDDLEWEIGHT,56,"Brad Tavares",8.67,3,2026-03-14,no
MIDDLEWEIGHT,57,"Andrey Pulyaev",8.67,3,2026-01-24,no
MIDDLEWEIGHT,58,"Gerald Meerschaert",9.00,3,2026-05-02,no
MIDDLEWEIGHT,59,"Eryk Anders",9.00,3,2026-03-14,no
MIDDLEWEIGHT,60,"Cody Brundage",9.33,3,2026-05-16,no
MIDDLEWEIGHT,61,"Marco Tulio",9.33,3,2026-05-09,no
MIDDLEWEIGHT,62,"Brunno Ferreira",9.67,3,2026-03-07,no
MIDDLEWEIGHT,63,"Sedriques Dumas",10.00,3,2026-04-25,no
MIDDLEWEIGHT,64,"Jacob Malkoun",10.33,3,2026-05-02,no
MIDDLEWEIGHT,65,"Ismail Naurdiev",10.67,3,2025-11-22,no
MIDDLEWEIGHT,66,"Antonio Trocoli",11.00,3,2026-03-21,no
MIDDLEWEIGHT,67,"Tresean Gore",11.33,3,2026-04-04,no
MIDDLEWEIGHT,68,"Eric McConico",11.33,3,2026-04-25,no
MIDDLEWEIGHT,69,"Azamat Bekoev",11.33,3,2026-04-04,no
MIDDLEWEIGHT,70,"Jackson McVey",11.67,3,2026-04-25,no
MIDDLEWEIGHT,71,"Baisangur Susurkaev",13.00,2,2026-05-09,no
MIDDLEWEIGHT,72,"Wes Schultz",13.00,2,2026-05-02,no
WELTERWEIGHT,1,"Islam Makhachev",1.00,3,2025-11-15,no
WELTERWEIGHT,2,"Jack Della Maddalena",1.00,3,2026-05-02,no
WELTERWEIGHT,3,"Gilbert Burns",1.00,3,2026-04-18,no
WELTERWEIGHT,4,"Belal Muhammad",1.33,3,2026-06-06,no
WELTERWEIGHT,5,"Gabriel Bonfim",1.33,3,2026-06-06,no
WELTERWEIGHT,6,"Ian Garry",1.67,3,2025-11-22,yes
WELTERWEIGHT,7,"Leon Edwards",2.00,3,2025-11-15,yes
WELTERWEIGHT,8,"Joaquin Buckley",2.00,3,2026-05-09,no
WELTERWEIGHT,9,"Santiagio Ponzinibbio",2.33,3,2025-05-03,yes
WELTERWEIGHT,10,"Sean Brady",2.67,3,2026-05-09,no
WELTERWEIGHT,11,"Carlos Prates",2.67,3,2026-05-02,no
WELTERWEIGHT,12,"Mike Malott",3.00,3,2026-04-18,no
WELTERWEIGHT,13,"Michael Morales",3.00,3,2025-11-15,yes
WELTERWEIGHT,14,"Michael Page",3.00,3,2026-03-21,no
WELTERWEIGHT,15,"Carlston Harris",3.00,3,2026-05-30,no
WELTERWEIGHT,16,"Stephen Thompson",3.67,3,2025-07-12,yes
WELTERWEIGHT,17,"Daniel Rodriguez",3.67,3,2025-07-19,no
WELTERWEIGHT,18,"Geoff Neal",4.00,3,2026-02-22,no
WELTERWEIGHT,19,"Kevin Holland",4.00,3,2026-04-11,no
WELTERWEIGHT,20,"Randy Brown",4.33,3,2026-04-11,no
WELTERWEIGHT,21,"Jake Matthews",4.67,3,2026-05-30,no
WELTERWEIGHT,22,"Elizeu Zaleski dos Santos",4.67,3,2025-08-02,yes
WELTERWEIGHT,23,"Uros Medic",5.00,3,2026-02-22,no
WELTERWEIGHT,24,"Muslim Salikhov",5.00,3,2026-05-30,no
WELTERWEIGHT,25,"Chidi Njokuani",5.67,3,2026-02-22,no
WELTERWEIGHT,26,"Neil Magny",5.67,3,2025-12-13,yes
WELTERWEIGHT,27,"Ange Loosa",6.00,3,2025-06-14,yes
WELTERWEIGHT,28,"Chris Curtis",6.00,3,2026-03-14,no
WELTERWEIGHT,29,"Sam Patterson",6.00,3,2026-03-21,no
WELTERWEIGHT,30,"Danny Barlow",6.00,3,2025-10-18,yes
WELTERWEIGHT,31,"Joel Alvarez",6.33,3,2026-05-09,no
WELTERWEIGHT,32,"Charlie Radtke",6.33,3,2025-11-01,yes
WELTERWEIGHT,33,"Nicolas Dalby",6.67,3,2026-05-16,no
WELTERWEIGHT,34,"Alex Morono",6.67,3,2026-02-07,yes
WELTERWEIGHT,35,"Jeremiah Wells",7.00,3,2026-05-16,no
WELTERWEIGHT,36,"Kevin Jousset",7.00,3,2025-02-08,yes
WELTERWEIGHT,37,"Niko Price",7.00,3,2026-03-28,no
WELTERWEIGHT,38,"Carlos Leal",7.33,3,2026-02-22,no
WELTERWEIGHT,39,"Themba Gorimbo",7.67,3,2026-05-02,no
WELTERWEIGHT,40,"Michael Chiesa",7.67,3,2026-03-28,no
WELTERWEIGHT,41,"Yaroslav Amosov",8.00,2,2026-05-09,no
WELTERWEIGHT,42,"Francisco Prado",8.33,3,2026-04-11,no
WELTERWEIGHT,43,"Nikolay Veretennikov",8.33,3,2026-05-16,no
WELTERWEIGHT,44,"Khaos Williams",8.33,3,2026-05-16,no
WELTERWEIGHT,45,"Jacobe Smith",8.33,3,2026-02-22,no
WELTERWEIGHT,46,"Jose Souza",8.50,2,2026-05-30,no
WELTERWEIGHT,47,"Kiefer Crosbie",8.50,2,2025-08-23,yes
WELTERWEIGHT,48,"Ramiz Brahimaj",8.67,3,2026-02-22,no
WELTERWEIGHT,49,"Preston Parsons",8.67,3,2025-01-11,yes
WELTERWEIGHT,50,"Court McGee",8.67,3,2025-06-14,yes
WELTERWEIGHT,51,"Punahele Soriano",9.00,3,2026-02-22,no
WELTERWEIGHT,52,"Oban Elliott",9.00,3,2026-01-31,no
WELTERWEIGHT,53,"Adam Fugitt",9.00,3,2026-01-24,yes
WELTERWEIGHT,54,"Ko Seok-hyun",9.50,2,2025-11-01,yes
WELTERWEIGHT,55,"Charles Radtke",10.00,2,2026-04-11,no
WELTERWEIGHT,56,"Andreas Gustafsson",10.50,2,2025-09-06,no
WELTERWEIGHT,57,"Daniil Donchenko",10.50,2,2026-02-07,no
WELTERWEIGHT,58,"Jonathan Micallef",11.00,3,2026-05-02,no
WELTERWEIGHT,59,"Philip Rowe",11.00,3,2025-11-01,yes
WELTERWEIGHT,60,"Rinat Fakhretdinov",11.00,3,2025-09-06,yes
WELTERWEIGHT,61,"Max Griffin",11.33,3,2026-04-25,no
WELTERWEIGHT,62,"Austin Vanderford",11.50,2,2025-10-04,yes
LIGHTWEIGHT,1,"Max Holloway",1.00,3,2026-03-07,no
LIGHTWEIGHT,2,"Ilia Topuria",1.00,3,2026-06-14,no
LIGHTWEIGHT,3,"Charles Oliveira",1.00,3,2026-03-07,no
LIGHTWEIGHT,4,"Justin Gaethje",1.33,3,2026-06-14,no
LIGHTWEIGHT,5,"Paddy Pimblett",2.00,3,2026-01-24,no
LIGHTWEIGHT,6,"Dan Hooker",2.00,3,2026-01-31,yes
LIGHTWEIGHT,7,"Rafael Fiziev",2.33,3,2026-01-31,no
LIGHTWEIGHT,8,"Renato Moicano",2.67,3,2026-04-04,no
LIGHTWEIGHT,9,"Brian Ortega",2.67,3,2026-03-07,no
LIGHTWEIGHT,10,"Benoit St. Denis",3.00,3,2026-01-31,yes
LIGHTWEIGHT,11,"Michael Chandler",3.00,3,2026-06-14,no
LIGHTWEIGHT,12,"Mateusz Gamrot",3.33,3,2026-04-11,no
LIGHTWEIGHT,13,"Chris Duncan",3.33,3,2026-04-04,no
LIGHTWEIGHT,14,"Mauricio Ruffy",3.33,3,2026-06-14,no
LIGHTWEIGHT,15,"Beneil Dariush",3.67,3,2026-05-02,no
LIGHTWEIGHT,16,"Ignacio Bahamondes",4.00,3,2026-03-28,no
LIGHTWEIGHT,17,"Daniel Zellhuber",4.00,3,2026-02-28,no
LIGHTWEIGHT,18,"King Green",4.00,2,2026-05-09,no
LIGHTWEIGHT,19,"Quillan Salkilld",4.33,3,2026-05-02,no
LIGHTWEIGHT,20,"Kurt Holobaugh",4.33,3,2025-05-31,yes
LIGHTWEIGHT,21,"Drew Dober",4.67,3,2026-03-07,no
LIGHTWEIGHT,22,"Bobby Green",4.67,3,2025-12-13,yes
LIGHTWEIGHT,23,"Jeremy Stephens",4.67,3,2026-05-09,no
LIGHTWEIGHT,24,"Esteban Ribovics",4.67,3,2026-04-11,no
LIGHTWEIGHT,25,"Tofiq Musayev",4.67,3,2026-04-04,no
LIGHTWEIGHT,26,"Manuel Torres",5.00,3,2025-03-29,no
LIGHTWEIGHT,27,"Nasrat Haqparast",5.00,3,2025-10-25,yes
LIGHTWEIGHT,28,"Tom Nolan",5.00,3,2026-06-06,no
LIGHTWEIGHT,29,"Kyle Nelson",5.00,3,2026-03-28,no
LIGHTWEIGHT,30,"Matt Frevola",5.33,3,2025-10-18,yes
LIGHTWEIGHT,31,"Myktybek Orolbai Uulu",5.33,3,2025-11-22,yes
LIGHTWEIGHT,32,"Michael Johnson",5.67,3,2026-03-07,no
LIGHTWEIGHT,33,"Elves Brenner",5.67,3,2025-08-02,yes
LIGHTWEIGHT,34,"Fares Ziam",5.67,3,2026-06-06,no
LIGHTWEIGHT,35,"Mason Jones",5.67,3,2026-03-21,no
LIGHTWEIGHT,36,"Rafa Garcia",5.67,3,2026-04-25,no
LIGHTWEIGHT,37,"Ludovit Klein",6.00,3,2025-10-25,no
LIGHTWEIGHT,38,"Nazim Sadykhov",6.00,3,2025-12-06,no
LIGHTWEIGHT,39,"Carlos Diego Ferreira",6.00,3,2025-09-13,yes
LIGHTWEIGHT,40,"Alexander Hernandez",6.00,3,2026-04-25,no
LIGHTWEIGHT,41,"Axel Sola",6.00,2,2026-03-21,no
LIGHTWEIGHT,42,"Mateusz Rebecki",6.33,3,2026-05-09,no
LIGHTWEIGHT,43,"Jared Gordon",6.33,3,2026-05-09,no
LIGHTWEIGHT,44,"Gauge Young",6.33,3,2026-04-18,no
LIGHTWEIGHT,45,"Rhys McKee",6.33,3,2025-09-06,yes
LIGHTWEIGHT,46,"Ismael Bonfim",6.67,3,2025-11-08,no
LIGHTWEIGHT,47,"Thiago Moises",6.67,3,2026-04-18,no
LIGHTWEIGHT,48,"Chris Padilla",7.00,3,2026-04-11,no
LIGHTWEIGHT,49,"Edson Barboza",7.33,3,2025-12-06,no
LIGHTWEIGHT,50,"Terrance McKinney",7.33,3,2026-03-28,no
LIGHTWEIGHT,51,"Jai Herbert",7.33,3,2026-04-18,no
LIGHTWEIGHT,52,"Bolaji Oki",7.33,3,2026-03-14,no
LIGHTWEIGHT,53,"Jordan Vucenic",7.50,2,2025-03-22,yes
LIGHTWEIGHT,54,"Jamie Mullarkey",7.67,3,2026-01-31,yes
LIGHTWEIGHT,55,"Mike Davis",7.67,3,2025-07-12,yes
LIGHTWEIGHT,56,"Grant Dawson",8.00,3,2026-05-09,no
LIGHTWEIGHT,57,"Jalin Turner",8.00,3,2025-12-06,yes
LIGHTWEIGHT,58,"Kyle Prepolec",8.00,3,2025-10-18,yes
LIGHTWEIGHT,59,"Timothy Cuamba",8.00,3,2025-11-01,yes
LIGHTWEIGHT,60,"Rong Zhu",8.00,3,2025-08-23,yes
LIGHTWEIGHT,61,"Jim Miller",8.33,3,2026-05-09,no
LIGHTWEIGHT,62,"Chase Hooper",8.33,3,2026-03-28,no
LIGHTWEIGHT,63,"Mairon Santos",8.33,3,2025-12-06,yes
LIGHTWEIGHT,64,"Drakkar Klose",9.00,3,2025-08-16,yes
LIGHTWEIGHT,65,"Matheus Camilo",9.00,2,2025-11-15,no
LIGHTWEIGHT,66,"Trey Ogden",9.33,3,2026-05-16,no
LIGHTWEIGHT,67,"Austin Hubbard",9.33,3,2025-08-23,yes
LIGHTWEIGHT,68,"Nikolas Motta",9.33,3,2025-06-21,yes
LIGHTWEIGHT,69,"Viacheslav Borshchev",9.67,3,2025-11-15,yes
LIGHTWEIGHT,70,"Darrius Flowers",9.67,3,2026-04-04,no
LIGHTWEIGHT,71,"Tommy Gantt",10.00,2,2026-05-16,no
LIGHTWEIGHT,72,"Yanal Ashmoz",10.00,3,2025-06-07,yes
LIGHTWEIGHT,73,"Evan Elder",10.00,3,2025-04-26,yes
LIGHTWEIGHT,74,"Rolando Bedoya",10.00,3,2025-09-27,yes
LIGHTWEIGHT,75,"Hayisaer Maheshate",10.67,3,2025-08-23,yes
LIGHTWEIGHT,76,"Guram Kutateladze",11.00,3,2025-03-22,yes
LIGHTWEIGHT,77,"Kody Steele",12.00,2,2026-05-02,no
LIGHTWEIGHT,78,"Francis Marshall",12.00,3,2026-04-25,no
LIGHTWEIGHT,79,"Dom Mar Fan",12.50,2,2026-05-02,no
FEATHERWEIGHT,1,"Alexander Volkanovski",1.00,3,2026-01-31,yes
FEATHERWEIGHT,2,"Lerone Murphy",1.33,3,2026-03-21,no
FEATHERWEIGHT,3,"Youssef Zalal",2.33,3,2026-04-25,no
FEATHERWEIGHT,4,"Melquizael Costa",2.67,3,2026-05-16,no
FEATHERWEIGHT,5,"Giga Chikadze",2.67,3,2026-06-20,no
FEATHERWEIGHT,6,"Diego Lopes",3.00,3,2026-06-14,no
FEATHERWEIGHT,7,"Kevin Vallejos",3.00,3,2026-03-14,no
FEATHERWEIGHT,8,"Cortavious Romious",3.00,2,2025-04-05,yes
FEATHERWEIGHT,9,"Josh Emmet",3.33,3,2025-10-04,yes
FEATHERWEIGHT,10,"Jean Silva",3.33,3,2026-01-24,yes
FEATHERWEIGHT,11,"Vinicius Oliveira",3.33,3,2026-06-20,no
FEATHERWEIGHT,12,"Arnold Allen",3.67,3,2026-05-16,no
FEATHERWEIGHT,13,"Aljamain Sterling",3.67,3,2026-04-25,no
FEATHERWEIGHT,14,"Steve Garcia",3.67,3,2026-06-14,no
FEATHERWEIGHT,15,"Aaron Pico",4.00,2,2026-04-11,no
FEATHERWEIGHT,16,"David Onama",4.00,3,2025-11-01,yes
FEATHERWEIGHT,17,"Calvin Kattar",4.00,3,2025-07-12,yes
FEATHERWEIGHT,18,"Marwan Rahiki",4.00,2,2026-05-02,no
FEATHERWEIGHT,19,"Patricio Pitbull",4.33,3,2026-04-11,no
FEATHERWEIGHT,20,"Dan Ige",4.33,3,2026-02-22,no
FEATHERWEIGHT,21,"Andre Fili",4.33,3,2026-06-20,no
FEATHERWEIGHT,22,"Luke Riley",4.50,2,2026-03-21,no
FEATHERWEIGHT,23,"Movsar Evloev",4.67,3,2026-03-21,no
FEATHERWEIGHT,24,"Cub Swanson",4.67,3,2026-04-11,no
FEATHERWEIGHT,25,"Nate Landwehr",4.67,3,2026-04-11,no
FEATHERWEIGHT,26,"Morgan Charriere",4.67,3,2025-12-13,yes
FEATHERWEIGHT,27,"Isaac Dulgarian",5.00,3,2025-11-01,yes
FEATHERWEIGHT,28,"Christian Rodriguez",5.00,3,2026-06-20,no
FEATHERWEIGHT,29,"Hyder Amil",5.33,3,2026-06-20,no
FEATHERWEIGHT,30,"Melsik Baghdasaryan",5.33,3,2026-06-20,no
FEATHERWEIGHT,31,"Julian Erosa",5.67,3,2026-03-28,no
FEATHERWEIGHT,32,"Lucas Almeida",5.67,3,2025-10-11,yes
FEATHERWEIGHT,33,"Gabriel Santos",6.33,3,2025-02-08,yes
FEATHERWEIGHT,34,"Ricardo Ramos",6.33,3,2025-10-11,yes
FEATHERWEIGHT,35,"Harry Hardwick",6.50,2,2026-03-14,no
FEATHERWEIGHT,36,"Daniel Santos",6.67,3,2026-05-16,no
FEATHERWEIGHT,37,"Patrick Sabatini",6.67,3,2025-11-15,yes
FEATHERWEIGHT,38,"Jose Miguel Delgado",6.67,3,2026-03-14,no
FEATHERWEIGHT,39,"Sean Woodson",6.67,3,2025-04-12,yes
FEATHERWEIGHT,40,"Darren Elkins",6.67,3,2025-04-12,yes
FEATHERWEIGHT,41,"Austin Bashi",6.67,3,2025-08-02,yes
FEATHERWEIGHT,42,"Danny Silva",6.67,3,2026-03-21,no
FEATHERWEIGHT,43,"Seung Woo Choi",7.00,3,2025-03-15,yes
FEATHERWEIGHT,44,"Robert Ruchala",7.00,2,2026-04-04,no
FEATHERWEIGHT,45,"Kaan Ofli",7.00,3,2026-01-31,no
FEATHERWEIGHT,46,"William Gomis",7.33,3,2026-05-09,no
FEATHERWEIGHT,47,"Joanderson Brito",7.67,3,2026-06-06,no
FEATHERWEIGHT,48,"Dennis Buzukja",7.67,3,2026-04-18,no
FEATHERWEIGHT,49,"Bogdan Grad",7.67,3,2025-11-22,no
FEATHERWEIGHT,50,"Nathaniel Wood",8.00,3,2026-03-21,no
FEATHERWEIGHT,51,"Jamall Emmers",8.00,3,2025-11-08,yes
FEATHERWEIGHT,52,"Connor Matthews",8.00,3,2025-05-17,yes
FEATHERWEIGHT,53,"Ricky Turcios",8.33,3,2026-03-07,no
FEATHERWEIGHT,54,"Michael Aswell",8.33,3,2026-06-20,no
FEATHERWEIGHT,55,"Muhammad Naimov",8.67,3,2025-12-06,yes
FEATHERWEIGHT,56,"Yoo Joo-sang",9.00,2,2025-10-04,yes
FEATHERWEIGHT,57,"Lee Jeong-yeong",9.00,3,2025-05-10,yes
FEATHERWEIGHT,58,"Yi Zha",9.67,3,2026-01-31,yes
FEATHERWEIGHT,59,"Kaue Fernandes",10.00,3,2025-09-06,yes
FEATHERWEIGHT,60,"Marcio Barbosa",11.00,2,2026-04-18,no
FEATHERWEIGHT,61,"Ramon Taveras",11.33,3,2026-05-30,no
FEATHERWEIGHT,62,"Jordan Leavitt",11.33,3,2026-06-06,no
FEATHERWEIGHT,63,"Gaston Bolanos",13.00,3,2026-06-20,no
FEATHERWEIGHT,64,"Zhu Kangjie",14.67,3,2026-05-30,no
BANTAMWEIGHT,1,"Merab Dvalishvili",1.33,3,2025-12-06,yes
BANTAMWEIGHT,2,"Petr Yan",1.33,3,2025-12-06,yes
BANTAMWEIGHT,3,"Song Yadong",1.33,3,2026-05-30,no
BANTAMWEIGHT,4,"Cory Sandhagen",1.33,3,2025-10-04,no
BANTAMWEIGHT,5,"Sean O'Malley",2.00,3,2026-06-14,no
BANTAMWEIGHT,6,"Jose Aldo",2.67,3,2025-05-10,yes
BANTAMWEIGHT,7,"Mario Bautista",2.67,3,2026-02-07,no
BANTAMWEIGHT,8,"Rob Font",2.67,3,2026-03-07,no
BANTAMWEIGHT,9,"Marlon Vera",2.67,3,2026-02-28,no
BANTAMWEIGHT,10,"Henry Cejudo",3.00,3,2025-12-06,yes
BANTAMWEIGHT,11,"Deiveson Figueiredo",3.00,3,2026-05-30,no
BANTAMWEIGHT,12,"Aiemann Zahabi",3.00,3,2026-06-14,no
BANTAMWEIGHT,13,"David Martinez",3.00,3,2026-02-28,no
BANTAMWEIGHT,14,"Kai Asakura",3.33,3,2026-05-30,no
BANTAMWEIGHT,15,"Kyler Phillips",3.33,3,2026-04-18,no
BANTAMWEIGHT,16,"Umar Nurmagomedov",3.67,3,2026-01-24,no
BANTAMWEIGHT,17,"Montel Jackson",4.33,3,2026-04-25,no
BANTAMWEIGHT,18,"Jean Matsumoto",4.33,3,2026-02-07,no
BANTAMWEIGHT,19,"Bryce Mitchell",4.67,3,2026-06-06,no
BANTAMWEIGHT,20,"Payton Talbott",5.00,3,2025-12-06,yes
BANTAMWEIGHT,21,"Said Nurmagomedov",5.00,3,2025-07-26,yes
BANTAMWEIGHT,22,"Davey Grant",5.00,3,2026-04-25,no
BANTAMWEIGHT,23,"Charles Jourdain",5.00,3,2026-04-18,no
BANTAMWEIGHT,24,"Santiago Luna",5.33,3,2026-06-06,no
BANTAMWEIGHT,25,"Raul Rosas Jr.",5.67,3,2026-03-07,no
BANTAMWEIGHT,26,"Patchy Mix",6.00,2,2025-10-04,yes
BANTAMWEIGHT,27,"Raoni Barcelos",6.00,3,2026-04-25,no
BANTAMWEIGHT,28,"Cameron Smotherman",6.67,3,2026-05-30,no
BANTAMWEIGHT,29,"Daniel Marcos",6.67,3,2025-11-08,yes
BANTAMWEIGHT,30,"Malcolm Wellmaker",7.00,3,2026-05-16,no
BANTAMWEIGHT,31,"Marcus McGhee",7.33,3,2026-06-06,no
BANTAMWEIGHT,32,"Adrian Yanez",7.33,3,2026-03-28,no
BANTAMWEIGHT,33,"Da'Mon Blackshear",7.33,3,2025-07-26,yes
BANTAMWEIGHT,34,"Toshiomi Kazama",7.33,3,2025-08-09,yes
BANTAMWEIGHT,35,"Lee Chang-ho",7.33,3,2025-11-01,yes
BANTAMWEIGHT,36,"Victor Henry",7.33,3,2026-06-06,no
BANTAMWEIGHT,37,"Cody Garbrandt",8.00,3,2026-03-07,no
BANTAMWEIGHT,38,"Rafael Estevam",8.00,3,2026-04-04,no
BANTAMWEIGHT,39,"Chris Gutierrez",8.33,3,2025-10-04,yes
BANTAMWEIGHT,40,"Vince Morales",8.33,3,2026-05-02,no
BANTAMWEIGHT,41,"Ethyn Ewing",8.67,3,2026-06-20,no
BANTAMWEIGHT,42,"You Su-young",8.67,3,2025-08-23,yes
BANTAMWEIGHT,43,"Miles Johns",8.67,3,2025-11-08,yes
BANTAMWEIGHT,44,"Bekzat Almakhan",9.00,3,2025-11-22,no
BANTAMWEIGHT,45,"Elijah Smith",9.00,3,2026-03-14,no
BANTAMWEIGHT,46,"Josias Musasa",9.00,2,2025-09-27,no
BANTAMWEIGHT,47,"Javid Basharat",9.00,3,2026-02-07,yes
BANTAMWEIGHT,48,"Rei Tsuruya",9.33,3,2026-05-30,no
BANTAMWEIGHT,49,"Brad Katona",9.33,3,2025-05-10,yes
BANTAMWEIGHT,50,"Quang Le",9.33,3,2025-09-13,yes
BANTAMWEIGHT,51,"Farid Basharat",9.67,3,2026-06-20,no
BANTAMWEIGHT,52,"Colby Thicknesse",9.67,3,2026-05-02,no
BANTAMWEIGHT,53,"Cody Durden",10.00,3,2026-04-25,no
BANTAMWEIGHT,54,"Jakub Wiklacz",10.00,3,2026-06-06,no
BANTAMWEIGHT,55,"Aleksandre Topuria",10.00,2,2025-11-22,yes
BANTAMWEIGHT,56,"Xiao Long",10.00,3,2026-03-07,no
BANTAMWEIGHT,57,"Jesus Santos-Aguilar",10.00,3,2025-09-13,yes
BANTAMWEIGHT,58,"Ricky Simon",10.33,3,2026-03-28,no
BANTAMWEIGHT,59,"Kris Moutinho",10.33,3,2026-02-28,no
BANTAMWEIGHT,60,"Cody Haddon",10.50,2,2026-05-30,no
BANTAMWEIGHT,61,"Saimon Oliveira",10.67,3,2025-10-11,yes
BANTAMWEIGHT,62,"Muin Gafurov",10.67,3,2026-02-07,yes
BANTAMWEIGHT,63,"Qileng Aori",10.67,3,2025-10-18,yes
BANTAMWEIGHT,64,"John Castaneda",11.00,3,2026-04-18,no
BANTAMWEIGHT,65,"Caolan Loughran",11.33,3,2025-03-22,yes
BANTAMWEIGHT,66,"John Yannis",11.33,3,2026-06-06,no
BANTAMWEIGHT,67,"Jesus Aguilar",11.50,2,2026-05-30,no
BANTAMWEIGHT,68,"Luis Gurule",11.67,3,2026-05-30,no
BANTAMWEIGHT,69,"Luan Lacerda",12.33,3,2026-03-14,no
FLYWEIGHT,1,"Manel Kape",1.00,3,2026-06-20,no
FLYWEIGHT,2,"Amir Albazi",1.33,3,2026-02-07,yes
FLYWEIGHT,3,"Alexandre Pantoja",1.67,3,2025-12-06,yes
FLYWEIGHT,4,"Kai Kara-France",1.67,3,2025-06-28,yes
FLYWEIGHT,5,"Brandon Moreno",1.67,3,2026-02-28,no
FLYWEIGHT,6,"Brandon Royval",1.67,3,2025-12-13,no
FLYWEIGHT,7,"Tatsuro Taira",2.00,3,2026-05-09,no
FLYWEIGHT,8,"Steve Erceg",2.00,3,2026-05-02,no
FLYWEIGHT,9,"Joshua Van",2.33,3,2026-05-09,no
FLYWEIGHT,10,"Kyoji Horiguchi",3.00,3,2026-06-20,no
FLYWEIGHT,11,"Ode Osbourne",4.00,3,2025-08-09,no
FLYWEIGHT,12,"Tim Elliott",4.00,3,2026-05-02,no
FLYWEIGHT,13,"Asu Almabayev",4.67,3,2025-11-22,no
FLYWEIGHT,14,"Kevin Borjas",5.33,3,2026-06-20,no
FLYWEIGHT,15,"Ronaldo Rodriguez",5.50,2,2025-03-29,yes
FLYWEIGHT,16,"Matt Schnell",6.00,3,2026-06-06,no
FLYWEIGHT,17,"Bruno Gustavo da Silva",6.00,3,2025-10-18,yes
FLYWEIGHT,18,"Su Mudaerji",6.00,3,2025-08-23,yes
FLYWEIGHT,19,"Edgar Chairez",6.33,3,2026-06-06,no
FLYWEIGHT,20,"Jose Johnson",6.33,3,2025-01-11,yes
FLYWEIGHT,21,"Imanol Rodriguez",6.50,2,2026-06-06,no
FLYWEIGHT,22,"Park Hyun-sung",6.67,3,2025-10-18,yes
FLYWEIGHT,23,"CJ Vergara",7.33,3,2025-03-29,yes
FLYWEIGHT,24,"Charles Johnson",7.33,3,2026-03-14,no
FLYWEIGHT,25,"Felipe Bunes",7.33,3,2026-02-28,no
FLYWEIGHT,26,"Ramazan Temirov",8.00,2,2025-03-01,no
FLYWEIGHT,27,"Alex Perez",8.33,3,2026-05-30,no
FLYWEIGHT,28,"Joseph Morales",8.33,3,2025-11-08,yes
FLYWEIGHT,29,"Andre Lima",8.33,3,2026-06-20,no
FLYWEIGHT,30,"Allan Nascimento",8.67,3,2026-06-20,no
FLYWEIGHT,31,"Lone'er Kavanagh",8.67,3,2025-08-23,yes
FLYWEIGHT,32,"Bruno Silva",9.33,3,2026-06-06,no
FLYWEIGHT,33,"Jose Ochoa",9.33,3,2026-05-09,no
FLYWEIGHT,34,"Felipe dos Santos",9.33,3,2025-03-22,yes
FLYWEIGHT,35,"Sumudaerji",9.50,2,2026-05-30,no
FLYWEIGHT,36,"Jafel Filho",10.00,3,2026-04-25,no
FLYWEIGHT,37,"Alibi Idiris",10.00,2,2026-02-22,no
FLYWEIGHT,38,"Tagir Ulanbekov",10.00,3,2025-11-22,yes
FLYWEIGHT,39,"Alessandro Costa",10.33,3,2026-06-06,no
FLYWEIGHT,40,"Azat Maksum",10.33,3,2025-10-25,yes
FLYWEIGHT,41,"Nyamjargal Tumendemberel",10.50,2,2026-03-07,no
FLYWEIGHT,42,"Alden Coria",10.50,2,2026-02-22,no
FLYWEIGHT,43,"Mitch Raposo",10.67,3,2026-06-20,no
FLYWEIGHT,44,"Lucas Rocha",10.67,3,2026-04-25,no
FLYWEIGHT,45,"Carlos Hernandez",10.67,3,2025-05-17,yes
FLYWEIGHT,46,"Stewart Nicoll",11.00,3,2026-04-04,no
FLYWEIGHT,47,"Clayton Carpenter",11.33,3,2026-05-09,no
FLYWEIGHT,48,"Daniel Barez",12.67,3,2026-05-16,no
WOMENS_BANTAMWEIGHT,1,"Kayla Harrison",4.67,3,2025-06-07,yes
WOMENS_BANTAMWEIGHT,2,"Norma Dumont",6.33,3,2026-04-25,no
WOMENS_BANTAMWEIGHT,3,"Joselyne Edwards",7.33,3,2026-04-25,no
WOMENS_BANTAMWEIGHT,4,"Macy Chiasson",7.67,3,2026-02-28,no
WOMENS_BANTAMWEIGHT,5,"Yana Kunitskaya",7.67,3,2025-10-04,yes
WOMENS_BANTAMWEIGHT,6,"Ketlen Vieira",8.67,3,2026-05-16,no
WOMENS_BANTAMWEIGHT,7,"Nora Cornolle",9.00,3,2026-02-22,no
WOMENS_BANTAMWEIGHT,8,"Tainara Lisboa",9.00,3,2025-10-18,yes
WOMENS_BANTAMWEIGHT,9,"Karol Rosa",9.33,3,2026-06-20,no
WOMENS_BANTAMWEIGHT,10,"Ailin Perez",9.67,3,2026-02-28,no
WOMENS_BANTAMWEIGHT,11,"Mayra Bueno Silva",9.67,3,2026-04-25,no
WOMENS_BANTAMWEIGHT,12,"Bia Mesquita",10.00,2,2026-06-20,no
WOMENS_BANTAMWEIGHT,13,"Daria Zheleznyakova",10.00,2,2025-06-21,yes
WOMENS_BANTAMWEIGHT,14,"Josiane Nunes",10.00,3,2025-03-15,yes
WOMENS_BANTAMWEIGHT,15,"Luana Santos",10.33,3,2026-06-20,no
WOMENS_BANTAMWEIGHT,16,"Chelsea Chandler",10.67,3,2026-06-06,no
WOMENS_BANTAMWEIGHT,17,"Melissa Mullins",10.67,3,2026-06-20,no
WOMENS_BANTAMWEIGHT,18,"Jacqueline Cavalcanti",10.67,3,2026-05-16,no
WOMENS_BANTAMWEIGHT,19,"Michelle Montague",11.00,2,2026-04-25,no
WOMENS_BANTAMWEIGHT,20,"Melissa Croden",11.00,3,2026-04-18,no
WOMENS_BANTAMWEIGHT,21,"Klaudia Sygula",11.33,3,2026-02-07,yes
WOMENS_BANTAMWEIGHT,22,"Priscila Cachoeira",11.67,3,2026-06-06,no
WOMENS_BANTAMWEIGHT,23,"Luana Carolina",11.67,3,2026-03-21,no
WOMENS_BANTAMWEIGHT,24,"Hailey Cowan",12.33,3,2026-04-04,no
WOMENS_BANTAMWEIGHT,25,"Alice Pereira",13.00,2,2026-04-04,no
WOMENS_FLYWEIGHT,1,"Valentina Shevchenko",2.00,3,2025-11-15,yes
WOMENS_FLYWEIGHT,2,"Manon Fiorot",2.33,3,2025-10-18,yes
WOMENS_FLYWEIGHT,3,"Alexa Grasso",2.67,3,2026-03-28,no
WOMENS_FLYWEIGHT,4,"Rose Namajunas",2.67,3,2026-01-24,yes
WOMENS_FLYWEIGHT,5,"Natalia Silva",3.33,3,2026-01-24,yes
WOMENS_FLYWEIGHT,6,"Erin Blanchfield",3.67,3,2025-11-15,no
WOMENS_FLYWEIGHT,7,"Jasmine Jasudavicius",5.00,3,2026-04-18,no
WOMENS_FLYWEIGHT,8,"Viviane Araujo",5.33,3,2025-06-28,yes
WOMENS_FLYWEIGHT,9,"Maycee Barber",5.67,3,2026-03-28,no
WOMENS_FLYWEIGHT,10,"Tracy Cortez",5.67,3,2025-11-15,no
WOMENS_FLYWEIGHT,11,"Jessica Andrade",5.67,3,2025-08-16,yes
WOMENS_FLYWEIGHT,12,"Miranda Maverick",7.00,3,2025-06-14,yes
WOMENS_FLYWEIGHT,13,"Karine Silva",7.67,3,2026-04-18,no
WOMENS_FLYWEIGHT,14,"Gabriella Fernandes",8.67,3,2026-03-28,no
WOMENS_FLYWEIGHT,15,"JJ Aldrich",10.67,3,2026-04-18,no
WOMENS_FLYWEIGHT,16,"Dione Barbosa",11.00,3,2026-04-04,no
WOMENS_FLYWEIGHT,17,"Ernesta Kareckaite",11.00,3,2026-02-28,no
WOMENS_FLYWEIGHT,18,"Jamey-Lyn Horth",12.00,3,2026-04-18,no
WOMENS_FLYWEIGHT,19,"Veronica Macedo",12.67,3,2025-10-04,yes
WOMENS_FLYWEIGHT,20,"Juliana Miller",13.00,3,2026-02-22,no
WOMENS_FLYWEIGHT,21,"Carli Judice",13.67,3,2026-02-22,no
WOMENS_FLYWEIGHT,22,"Yuneisy Duben",14.00,2,2026-06-06,no
WOMENS_STRAWWEIGHT,1,"Mackenzie Dern",1.33,3,2025-10-25,no
WOMENS_STRAWWEIGHT,2,"Zhang Weili",2.00,3,2025-11-15,yes
WOMENS_STRAWWEIGHT,3,"Virna Jandiroba",3.67,3,2026-04-04,no
WOMENS_STRAWWEIGHT,4,"Yan Xiaonan",3.67,3,2025-04-12,yes
WOMENS_STRAWWEIGHT,5,"Amanda Ribas",3.67,3,2025-07-26,no
WOMENS_STRAWWEIGHT,6,"Tabatha Ricci",4.33,3,2026-04-04,no
WOMENS_STRAWWEIGHT,7,"Iasmin Lucindo",4.67,3,2025-08-09,yes
WOMENS_STRAWWEIGHT,8,"Amanda Lemos",5.00,3,2026-03-14,no
WOMENS_STRAWWEIGHT,9,"Gillian Robertson",5.00,3,2026-03-14,no
WOMENS_STRAWWEIGHT,10,"Molly McCann",6.00,3,2025-03-22,yes
WOMENS_STRAWWEIGHT,11,"Tatiana Suarez",6.67,3,2026-04-11,no
WOMENS_STRAWWEIGHT,12,"Luana Pinheiro",6.67,3,2025-05-17,yes
WOMENS_STRAWWEIGHT,13,"Lupita Godinez",7.33,3,2025-08-16,yes
WOMENS_STRAWWEIGHT,14,"Karolina Kowalkiewicz",8.00,3,2025-10-11,yes
WOMENS_STRAWWEIGHT,15,"Elise Reed",8.00,3,2025-05-17,yes
WOMENS_STRAWWEIGHT,16,"Denise Gomes",8.33,3,2025-11-08,yes
WOMENS_STRAWWEIGHT,17,"Marina Rodriguez",9.00,3,2025-05-03,yes
WOMENS_STRAWWEIGHT,18,"Angela Hill",9.33,3,2026-05-30,no
WOMENS_STRAWWEIGHT,19,"Cong Wang",9.67,3,2026-02-07,yes
WOMENS_STRAWWEIGHT,20,"Alexia Thainara",10.33,3,2026-03-28,no
WOMENS_STRAWWEIGHT,21,"Bruna Brasil",10.67,3,2026-03-28,no
WOMENS_STRAWWEIGHT,22,"Ravena Oliveira",10.67,3,2026-03-21,no
WOMENS_STRAWWEIGHT,23,"Tecia Torres",10.67,3,2025-11-08,yes
WOMENS_STRAWWEIGHT,24,"Stephanie Luciano",11.33,3,2026-03-28,no
WOMENS_STRAWWEIGHT,25,"Alice Ardelean",11.33,3,2026-05-16,no
WOMENS_STRAWWEIGHT,26,"Melissa Martinez",11.33,3,2025-07-12,yes
WOMENS_STRAWWEIGHT,27,"Polyana Viana",11.67,3,2026-05-16,no
WOMENS_STRAWWEIGHT,28,"Vanessa Demopoulos",11.67,3,2025-06-14,yes
WOMENS_STRAWWEIGHT,29,"Julia Polastri",12.00,3,2026-04-25,no
WOMENS_STRAWWEIGHT,30,"Victoria Dudakova",12.00,3,2025-01-11,yes
WOMENS_STRAWWEIGHT,31,"Fatima Kline",12.33,3,2025-11-15,no
WOMENS_STRAWWEIGHT,32,"Ketlen Souza",12.33,3,2026-06-06,no
WOMENS_STRAWWEIGHT,33,"Loma Lookboonmee",12.33,3,2026-05-30,no
WOMENS_STRAWWEIGHT,34,"Sam Hughes",12.33,3,2026-03-14,no
WOMENS_STRAWWEIGHT,35,"Ariane Carnelossi",13.00,3,2026-06-06,no
WOMENS_STRAWWEIGHT,36,"Piera Rodriguez",13.00,3,2026-03-14,no
WOMENS_STRAWWEIGHT,37,"Shauna Bannon",13.33,3,2026-05-16,no
WOMENS_STRAWWEIGHT,38,"Nicolle Caliari",13.67,3,2026-05-16,no
WOMENS_STRAWWEIGHT,39,"Jaqueline Amorim",13.67,3,2026-05-30,no
WOMENS_STRAWWEIGHT,40,"Talita Alencar",13.67,3,2026-04-25,no