division,rank,fighter,score,fightsUsed,lastFight,divisionInferred
HEAVYWEIGHT,1,"Alex Pereira",90.75,3,2026-06-14,no
HEAVYWEIGHT,2,"Tom Aspinall",90.00,3,2025-10-25,yes
HEAVYWEIGHT,3,"Ciryl Gane",77.25,3,2026-06-14,no
HEAVYWEIGHT,4,"Curtis Blaydes",70.33,3,2026-04-11,no
HEAVYWEIGHT,5,"Tallison Teixeira",67.00,3,2026-05-30,no
HEAVYWEIGHT,6,"Jairzinho Rozenstruik",66.81,3,2025-02-01,yes
HEAVYWEIGHT,7,"Derrick Lewis",66.29,3,2026-06-14,no
HEAVYWEIGHT,8,"Alexander Volkov",64.83,3,2026-05-09,no
HEAVYWEIGHT,9,"Sergey Spivak",63.33,3,2025-06-07,yes
HEAVYWEIGHT,10,"Waldo Cortes-Acosta",62.24,3,2026-01-24,yes
HEAVYWEIGHT,11,"Jailton Almeida",62.00,3,2026-02-07,yes
HEAVYWEIGHT,12,"Aleksandar Rakic",61.67,3,2025-10-25,no
HEAVYWEIGHT,13,"Sergei Pavlovich",56.00,3,2026-05-30,no
HEAVYWEIGHT,14,"Rizvan Kuniev",56.00,2,2026-02-07,no
HEAVYWEIGHT,15,"Ante Delija",52.12,3,2026-02-22,no
HEAVYWEIGHT,16,"Tai Tuivasa",51.73,3,2026-05-02,no
HEAVYWEIGHT,17,"Josh Hokit",48.38,3,2026-06-14,no
HEAVYWEIGHT,18,"Shamil Gaziev",44.48,3,2026-05-02,no
HEAVYWEIGHT,19,"Vitor Petrino",39.57,3,2026-03-14,no
HEAVYWEIGHT,20,"Mario Pinto",38.96,3,2026-03-21,no
HEAVYWEIGHT,21,"Marcin Tybura",37.03,3,2026-03-28,no
HEAVYWEIGHT,22,"Louie Sutherland",36.93,3,2026-05-02,no
HEAVYWEIGHT,23,"Ryan Spann",36.57,3,2026-04-25,no
HEAVYWEIGHT,24,"Jhonata Diniz",35.85,3,2026-06-20,no
HEAVYWEIGHT,25,"Sean Sharaf",35.80,3,2026-05-02,no
HEAVYWEIGHT,26,"Chris Barnett",35.00,3,2025-10-25,yes
HEAVYWEIGHT,27,"Marcus Buchecha",34.58,3,2026-04-25,no
HEAVYWEIGHT,28,"Valter Walker",34.14,3,2026-03-28,no
HEAVYWEIGHT,29,"Steven Asplund",33.58,2,2026-03-14,no
HEAVYWEIGHT,30,"Brando Pericic",32.84,3,2026-05-02,no
HEAVYWEIGHT,31,"Thomas Peterson",30.07,3,2025-10-11,no
HEAVYWEIGHT,32,"Kennedy Nzechukwu",29.67,3,2025-12-13,yes
HEAVYWEIGHT,33,"Mick Parkin",28.63,3,2026-03-21,no
HEAVYWEIGHT,34,"Guilherme Pat",27.45,2,2026-04-04,no
HEAVYWEIGHT,35,"Don'tale Mayes",24.30,3,2025-05-03,yes
HEAVYWEIGHT,36,"Lukasz Brzeski",23.55,3,2025-07-19,yes
HEAVYWEIGHT,37,"Martin Buday",22.15,3,2025-07-26,no
HEAVYWEIGHT,38,"Denzel Freeman",21.13,2,2026-01-24,yes
HEAVYWEIGHT,39,"Mohammed Usman",16.00,3,2025-06-21,yes
LIGHT_HEAVYWEIGHT,1,"Magomed Ankalaev",90.00,3,2025-10-04,no
LIGHT_HEAVYWEIGHT,2,"Paulo Costa",85.00,3,2026-04-11,no
LIGHT_HEAVYWEIGHT,3,"Khalil Rountree Jr.",83.33,3,2025-10-04,no
LIGHT_HEAVYWEIGHT,4,"Jamahal Hill",83.33,3,2025-06-21,yes
LIGHT_HEAVYWEIGHT,5,"Carlos Ulberg",82.67,3,2026-04-11,no
LIGHT_HEAVYWEIGHT,6,"Robert Whittaker",81.67,3,2025-07-26,no
LIGHT_HEAVYWEIGHT,7,"Jiri Prochazka",80.00,3,2026-04-11,no
LIGHT_HEAVYWEIGHT,8,"Zhang Mingyang",72.00,3,2026-05-30,no
LIGHT_HEAVYWEIGHT,9,"Dominick Reyes",68.15,3,2026-04-11,no
LIGHT_HEAVYWEIGHT,10,"Azamat Murzakanov",65.00,3,2026-04-11,no
LIGHT_HEAVYWEIGHT,11,"Johnny Walker",63.48,3,2026-04-11,no
LIGHT_HEAVYWEIGHT,12,"Anthony Smith",61.97,3,2025-04-26,yes
LIGHT_HEAVYWEIGHT,13,"Jan Blachowicz",61.76,3,2026-05-09,no
LIGHT_HEAVYWEIGHT,14,"Alonzo Menifield",56.00,3,2026-05-30,no
LIGHT_HEAVYWEIGHT,15,"Jim Crute",55.36,3,2025-09-27,yes
LIGHT_HEAVYWEIGHT,16,"Bogdan Guskov",54.79,3,2026-05-09,no
LIGHT_HEAVYWEIGHT,17,"Ion Cutelaba",52.98,3,2026-06-20,no
LIGHT_HEAVYWEIGHT,18,"Dustin Jacoby",50.67,3,2026-02-07,no
LIGHT_HEAVYWEIGHT,19,"Volkan Oezdemir",50.00,3,2025-11-22,yes
LIGHT_HEAVYWEIGHT,20,"Iwo Baraniewski",48.74,3,2026-06-06,no
LIGHT_HEAVYWEIGHT,21,"Brendson Ribeiro",48.67,3,2026-04-04,no
LIGHT_HEAVYWEIGHT,22,"Nikita Krylov",48.62,3,2026-01-24,no
LIGHT_HEAVYWEIGHT,23,"Modestas Bukauskas",48.20,3,2026-05-16,no
LIGHT_HEAVYWEIGHT,24,"Ivan Erslan",47.40,3,2026-05-16,no
LIGHT_HEAVYWEIGHT,25,"Billy Elekana",47.26,3,2026-06-06,no
LIGHT_HEAVYWEIGHT,26,"Navajo Stirling",46.32,3,2026-06-20,no
LIGHT_HEAVYWEIGHT,27,"Austen Lane",46.21,3,2026-03-21,no
LIGHT_HEAVYWEIGHT,28,"Junior Tafa",45.32,3,2026-06-06,no
LIGHT_HEAVYWEIGHT,29,"Oumar Sy",44.24,3,2026-03-14,no
LIGHT_HEAVYWEIGHT,30,"Julius Walker",43.11,3,2026-02-07,no
LIGHT_HEAVYWEIGHT,31,"Tuco Tokkos",41.40,3,2026-05-16,no
LIGHT_HEAVYWEIGHT,32,"Rodolfo Bellato",39.81,3,2026-05-16,no
LIGHT_HEAVYWEIGHT,33,"Kevin Christian",37.09,2,2026-05-02,no
LIGHT_HEAVYWEIGHT,34,"Raffael Cerqueira",36.41,3,2025-08-09,yes
LIGHT_HEAVYWEIGHT,35,"Bruno Lopes",35.86,3,2026-03-28,no
LIGHT_HEAVYWEIGHT,36,"Marcin Prachnio",32.61,3,2025-07-19,yes
LIGHT_HEAVYWEIGHT,37,"Ibo Aslan",32.22,3,2025-12-06,yes
LIGHT_HEAVYWEIGHT,38,"Diyar Nurgozhay",31.85,3,2026-03-07,no
LIGHT_HEAVYWEIGHT,39,"Magomed Gadzhiyasulov",21.57,3,2025-01-11,yes
LIGHT_HEAVYWEIGHT,40,"Uran Satybaldiev",18.22,2,2025-08-23,no
MIDDLEWEIGHT,1,"Dricus Du Plessis",100.00,3,2025-08-16,no
MIDDLEWEIGHT,2,"Khamzat Chimaev",95.00,3,2026-05-09,no
MIDDLEWEIGHT,3,"Sean Strickland",93.33,3,2026-05-09,no
MIDDLEWEIGHT,4,"Israel Adesanya",86.67,3,2026-03-28,no
MIDDLEWEIGHT,5,"Caio Borralho",81.67,3,2026-03-07,no
MIDDLEWEIGHT,6,"Anthony Hernandez",76.00,3,2026-02-22,no
MIDDLEWEIGHT,7,"Reinier De Ridder",76.00,3,2025-10-18,yes
MIDDLEWEIGHT,8,"Nassourdine Imavov",76.00,3,2025-09-06,yes
MIDDLEWEIGHT,9,"Jared Cannonier",74.81,3,2025-08-16,no
MIDDLEWEIGHT,10,"Joe Pyfer",70.30,3,2026-03-28,no
MIDDLEWEIGHT,11,"Roman Dolidze",69.78,3,2026-03-21,no
MIDDLEWEIGHT,12,"Brendan Allen",66.61,3,2026-06-06,no
MIDDLEWEIGHT,13,"Sharabutdin Magomedov",61.33,3,2025-07-26,yes
MIDDLEWEIGHT,14,"Jack Hermansson",61.20,3,2025-11-22,yes
MIDDLEWEIGHT,15,"Ikram Aliskerov",58.36,3,2025-10-25,no
MIDDLEWEIGHT,16,"Roman Kopylov",56.82,3,2026-05-09,no
MIDDLEWEIGHT,17,"Marvin Vettori",56.67,3,2025-12-06,no
MIDDLEWEIGHT,18,"Cesar Almeida",56.00,3,2025-12-13,no
MIDDLEWEIGHT,19,"Paul Craig",55.33,3,2025-09-06,yes
MIDDLEWEIGHT,20,"Gregory Rodrigues",53.84,3,2026-03-07,no
MIDDLEWEIGHT,21,"Edmen Shahbazyan",53.52,3,2026-06-06,no
MIDDLEWEIGHT,22,"Michal Oleksiejczuk",51.67,3,2026-02-07,no
MIDDLEWEIGHT,23,"Abdul Razak Alhassan",51.56,3,2025-01-11,yes
MIDDLEWEIGHT,24,"Dustin Stoltzfus",50.98,3,2025-09-13,yes
MIDDLEWEIGHT,25,"Bo Nickal",50.66,3,2026-06-14,no
MIDDLEWEIGHT,26,"Jun Yong Park",50.59,3,2025-10-25,yes
MIDDLEWEIGHT,27,"Abusupiyan Magomedov",50.45,2,2025-10-04,yes
MIDDLEWEIGHT,28,"Ozzy Diaz",50.18,2,2026-05-09,no
MIDDLEWEIGHT,29,"Kelvin Gastelum",49.31,3,2026-04-11,no
MIDDLEWEIGHT,30,"Armen Petrosyan",48.84,3,2025-03-08,yes
MIDDLEWEIGHT,31,"Nursulton Ruziboev",48.15,3,2025-05-17,no
MIDDLEWEIGHT,32,"Ateba Abega Gautier",48.03,3,2026-01-24,yes
MIDDLEWEIGHT,33,"Vicente Luque",47.19,3,2026-04-11,no
MIDDLEWEIGHT,34,"Christian Leroy Duncan",46.37,3,2026-03-21,no
MIDDLEWEIGHT,35,"Marc-Andre Barriault",46.37,3,2026-02-07,no
MIDDLEWEIGHT,36,"Dusko Todorovic",44.96,3,2026-03-07,no
MIDDLEWEIGHT,37,"Andre Muniz",44.61,3,2025-10-04,yes
MIDDLEWEIGHT,38,"Donte Johnson",44.51,3,2026-03-07,no
MIDDLEWEIGHT,39,"Cameron Rowston",44.11,2,2026-01-31,yes
MIDDLEWEIGHT,40,"Torrez Finney",43.83,2,2026-01-31,yes
MIDDLEWEIGHT,41,"Rodolfo Vieira",42.56,3,2026-04-25,no
MIDDLEWEIGHT,42,"Robert Valentin",42.28,3,2026-04-18,no
MIDDLEWEIGHT,43,"Michel Pereira",42.26,3,2026-02-22,no
MIDDLEWEIGHT,44,"Cody Brundage",42.00,3,2026-05-16,no
MIDDLEWEIGHT,45,"Mansur Abdul-Malik",40.80,3,2026-03-28,no
MIDDLEWEIGHT,46,"Brunno Ferreira",40.40,3,2026-03-07,no
MIDDLEWEIGHT,47,"Jose Daniel Medina",40.38,3,2026-02-28,no
MIDDLEWEIGHT,48,"Andre Petroski",39.82,3,2026-05-16,no
MIDDLEWEIGHT,49,"Robert Bryczek",39.27,3,2026-05-02,no
MIDDLEWEIGHT,50,"Gerald Meerschaert",38.84,3,2026-05-02,no
MIDDLEWEIGHT,51,"Ryan Loder",37.68,3,2025-11-22,yes
MIDDLEWEIGHT,52,"Zach Reese",37.03,3,2026-02-22,no
MIDDLEWEIGHT,53,"Ihor Potieria",36.09,3,2025-01-11,yes
MIDDLEWEIGHT,54,"Marco Tulio",35.25,3,2026-05-09,no
MIDDLEWEIGHT,55,"Yousri Belgaroui",34.92,2,2026-03-28,no
MIDDLEWEIGHT,56,"Zachary Reese",34.79,2,2025-09-13,no
MIDDLEWEIGHT,57,"Brad Tavares",34.15,3,2026-03-14,no
MIDDLEWEIGHT,58,"Andrey Pulyaev",34.11,3,2026-01-24,no
MIDDLEWEIGHT,59,"Eryk Anders",34.01,3,2026-03-14,no
MIDDLEWEIGHT,60,"Dylan Budka",32.30,3,2025-02-15,yes
MIDDLEWEIGHT,61,"Jacob Malkoun",31.73,3,2026-05-02,no
MIDDLEWEIGHT,62,"Kyle Daukaus",31.71,3,2026-06-14,no
MIDDLEWEIGHT,63,"Nick Klein",31.56,2,2025-08-02,yes
MIDDLEWEIGHT,64,"Sedriques Dumas",31.12,3,2026-04-25,no
MIDDLEWEIGHT,65,"Ismail Naurdiev",27.35,3,2025-11-22,no
MIDDLEWEIGHT,66,"Tresean Gore",26.98,3,2026-04-04,no
MIDDLEWEIGHT,67,"Antonio Trocoli",26.07,3,2026-03-21,no
MIDDLEWEIGHT,68,"Eric McConico",26.03,3,2026-04-25,no
MIDDLEWEIGHT,69,"Azamat Bekoev",25.31,3,2026-04-04,no
MIDDLEWEIGHT,70,"Jackson McVey",25.00,3,2026-04-25,no
MIDDLEWEIGHT,71,"Baisangur Susurkaev",24.55,2,2026-05-09,no
MIDDLEWEIGHT,72,"Wes Schultz",19.64,2,2026-05-02,no
WELTERWEIGHT,1,"Islam Makhachev",100.00,3,2025-11-15,no
WELTERWEIGHT,2,"Jack Della Maddalena",93.33,3,2026-05-02,no
WELTERWEIGHT,3,"Belal Muhammad",82.67,3,2026-06-06,no
WELTERWEIGHT,4,"Leon Edwards",81.82,3,2025-11-15,yes
WELTERWEIGHT,5,"Gilbert Burns",80.00,3,2026-04-18,no
WELTERWEIGHT,6,"Gabriel Bonfim",76.00,3,2026-06-06,no
WELTERWEIGHT,7,"Joaquin Buckley",75.15,3,2026-05-09,no
WELTERWEIGHT,8,"Ian Garry",73.42,3,2025-11-22,yes
WELTERWEIGHT,9,"Sean Brady",71.82,3,2026-05-09,no
WELTERWEIGHT,10,"Carlos Prates",71.82,3,2026-05-02,no
WELTERWEIGHT,11,"Mike Malott",67.11,3,2026-04-18,no
WELTERWEIGHT,12,"Michael Morales",65.33,3,2025-11-15,yes
WELTERWEIGHT,13,"Santiagio Ponzinibbio",64.00,3,2025-05-03,yes
WELTERWEIGHT,14,"Stephen Thompson",63.78,3,2025-07-12,yes
WELTERWEIGHT,15,"Michael Page",62.81,3,2026-03-21,no
WELTERWEIGHT,16,"Geoff Neal",62.67,3,2026-02-22,no
WELTERWEIGHT,17,"Carlston Harris",61.95,3,2026-05-30,no
WELTERWEIGHT,18,"Kevin Holland",61.93,3,2026-04-11,no
WELTERWEIGHT,19,"Randy Brown",58.84,3,2026-04-11,no
WELTERWEIGHT,20,"Daniel Rodriguez",57.70,3,2025-07-19,no
WELTERWEIGHT,21,"Jake Matthews",50.42,3,2026-05-30,no
WELTERWEIGHT,22,"Elizeu Zaleski dos Santos",50.37,3,2025-08-02,yes
WELTERWEIGHT,23,"Uros Medic",49.63,3,2026-02-22,no
WELTERWEIGHT,24,"Muslim Salikhov",48.02,3,2026-05-30,no
WELTERWEIGHT,25,"Chidi Njokuani",47.74,3,2026-02-22,no
WELTERWEIGHT,26,"Ange Loosa",46.52,3,2025-06-14,yes
WELTERWEIGHT,27,"Joel Alvarez",46.42,3,2026-05-09,no
WELTERWEIGHT,28,"Neil Magny",44.15,3,2025-12-13,yes
WELTERWEIGHT,29,"Charlie Radtke",44.11,3,2025-11-01,yes
WELTERWEIGHT,30,"Chris Curtis",44.01,3,2026-03-14,no
WELTERWEIGHT,31,"Nicolas Dalby",43.41,3,2026-05-16,no
WELTERWEIGHT,32,"Sam Patterson",42.86,3,2026-03-21,no
WELTERWEIGHT,33,"Danny Barlow",42.86,3,2025-10-18,yes
WELTERWEIGHT,34,"Jeremiah Wells",42.20,3,2026-05-16,no
WELTERWEIGHT,35,"Francisco Prado",42.05,3,2026-04-11,no
WELTERWEIGHT,36,"Yaroslav Amosov",40.53,2,2026-05-09,no
WELTERWEIGHT,37,"Alex Morono",40.47,3,2026-02-07,yes
WELTERWEIGHT,38,"Themba Gorimbo",39.89,3,2026-05-02,no
WELTERWEIGHT,39,"Ramiz Brahimaj",39.82,3,2026-02-22,no
WELTERWEIGHT,40,"Kevin Jousset",39.64,3,2025-02-08,yes
WELTERWEIGHT,41,"Niko Price",39.42,3,2026-03-28,no
WELTERWEIGHT,42,"Nikolay Veretennikov",39.29,3,2026-05-16,no
WELTERWEIGHT,43,"Jose Souza",39.08,2,2026-05-30,no
WELTERWEIGHT,44,"Michael Chiesa",38.91,3,2026-03-28,no
WELTERWEIGHT,45,"Kiefer Crosbie",38.10,2,2025-08-23,yes
WELTERWEIGHT,46,"Carlos Leal",37.99,3,2026-02-22,no
WELTERWEIGHT,47,"Khaos Williams",37.68,3,2026-05-16,no
WELTERWEIGHT,48,"Punahele Soriano",36.73,3,2026-02-22,no
WELTERWEIGHT,49,"Preston Parsons",36.58,3,2025-01-11,yes
WELTERWEIGHT,50,"Jacobe Smith",35.17,3,2026-02-22,no
WELTERWEIGHT,51,"Oban Elliott",34.59,3,2026-01-31,no
WELTERWEIGHT,52,"Adam Fugitt",33.06,3,2026-01-24,yes
WELTERWEIGHT,53,"Court McGee",32.89,3,2025-06-14,yes
WELTERWEIGHT,54,"Charles Radtke",30.31,2,2026-04-11,no
WELTERWEIGHT,55,"Andreas Gustafsson",30.00,2,2025-09-06,no
WELTERWEIGHT,56,"Ko Seok-hyun",29.11,2,2025-11-01,yes
WELTERWEIGHT,57,"Jonathan Micallef",28.40,3,2026-05-02,no
WELTERWEIGHT,58,"Daniil Donchenko",28.00,2,2026-02-07,no
WELTERWEIGHT,59,"Max Griffin",27.34,3,2026-04-25,no
WELTERWEIGHT,60,"Philip Rowe",25.56,3,2025-11-01,yes
WELTERWEIGHT,61,"Austin Vanderford",24.72,2,2025-10-04,yes
WELTERWEIGHT,62,"Rinat Fakhretdinov",23.67,3,2025-09-06,yes
LIGHTWEIGHT,1,"Max Holloway",100.00,3,2026-03-07,no
LIGHTWEIGHT,2,"Ilia Topuria",95.00,3,2026-06-14,no
LIGHTWEIGHT,3,"Charles Oliveira",93.33,3,2026-03-07,no
LIGHTWEIGHT,4,"Justin Gaethje",90.00,3,2026-06-14,no
LIGHTWEIGHT,5,"Paddy Pimblett",85.00,3,2026-01-24,no
LIGHTWEIGHT,6,"Dan Hooker",78.33,3,2026-01-31,yes
LIGHTWEIGHT,7,"Rafael Fiziev",74.33,3,2026-01-31,no
LIGHTWEIGHT,8,"Benoit St. Denis",71.30,3,2026-01-31,yes
LIGHTWEIGHT,9,"Renato Moicano",71.25,3,2026-04-04,no
LIGHTWEIGHT,10,"Michael Chandler",69.42,3,2026-06-14,no
LIGHTWEIGHT,11,"Brian Ortega",69.33,3,2026-03-07,no
LIGHTWEIGHT,12,"Mateusz Gamrot",67.41,3,2026-04-11,no
LIGHTWEIGHT,13,"Chris Duncan",66.61,3,2026-04-04,no
LIGHTWEIGHT,14,"Beneil Dariush",64.22,3,2026-05-02,no
LIGHTWEIGHT,15,"Quillan Salkilld",61.00,3,2026-05-02,no
LIGHTWEIGHT,16,"Ignacio Bahamondes",60.56,3,2026-03-28,no
LIGHTWEIGHT,17,"Daniel Zellhuber",59.92,3,2026-02-28,no
LIGHTWEIGHT,18,"Mauricio Ruffy",58.75,3,2026-06-14,no
LIGHTWEIGHT,19,"King Green",58.45,2,2026-05-09,no
LIGHTWEIGHT,20,"Drew Dober",56.77,3,2026-03-07,no
LIGHTWEIGHT,21,"Bobby Green",56.13,3,2025-12-13,yes
LIGHTWEIGHT,22,"Michael Johnson",54.41,3,2026-03-07,no
LIGHTWEIGHT,23,"Jeremy Stephens",53.19,3,2026-05-09,no
LIGHTWEIGHT,24,"Ludovit Klein",53.06,3,2025-10-25,no
LIGHTWEIGHT,25,"Mateusz Rebecki",51.91,3,2026-05-09,no
LIGHTWEIGHT,26,"Esteban Ribovics",51.41,3,2026-04-11,no
LIGHTWEIGHT,27,"Matt Frevola",51.36,3,2025-10-18,yes
LIGHTWEIGHT,28,"Manuel Torres",51.14,3,2025-03-29,no
LIGHTWEIGHT,29,"Nasrat Haqparast",50.67,3,2025-10-25,yes
LIGHTWEIGHT,30,"Tofiq Musayev",50.42,3,2026-04-04,no
LIGHTWEIGHT,31,"Tom Nolan",50.30,3,2026-06-06,no
LIGHTWEIGHT,32,"Myktybek Orolbai Uulu",49.64,3,2025-11-22,yes
LIGHTWEIGHT,33,"Kyle Nelson",48.92,3,2026-03-28,no
LIGHTWEIGHT,34,"Elves Brenner",48.33,3,2025-08-02,yes
LIGHTWEIGHT,35,"Edson Barboza",48.25,3,2025-12-06,no
LIGHTWEIGHT,36,"Fares Ziam",48.24,3,2026-06-06,no
LIGHTWEIGHT,37,"Nazim Sadykhov",47.13,3,2025-12-06,no
LIGHTWEIGHT,38,"Kurt Holobaugh",47.11,3,2025-05-31,yes
LIGHTWEIGHT,39,"Carlos Diego Ferreira",46.76,3,2025-09-13,yes
LIGHTWEIGHT,40,"Grant Dawson",46.36,3,2026-05-09,no
LIGHTWEIGHT,41,"Jalin Turner",46.21,3,2025-12-06,yes
LIGHTWEIGHT,42,"Alexander Hernandez",46.11,3,2026-04-25,no
LIGHTWEIGHT,43,"Mason Jones",45.78,3,2026-03-21,no
LIGHTWEIGHT,44,"Axel Sola",45.33,2,2026-03-21,no
LIGHTWEIGHT,45,"Jared Gordon",45.06,3,2026-05-09,no
LIGHTWEIGHT,46,"Rafa Garcia",44.60,3,2026-04-25,no
LIGHTWEIGHT,47,"Terrance McKinney",43.70,3,2026-03-28,no
LIGHTWEIGHT,48,"Jim Miller",43.65,3,2026-05-09,no
LIGHTWEIGHT,49,"Gauge Young",43.07,3,2026-04-18,no
LIGHTWEIGHT,50,"Jamie Mullarkey",42.93,3,2026-01-31,yes
LIGHTWEIGHT,51,"Ismael Bonfim",42.70,3,2025-11-08,no
LIGHTWEIGHT,52,"Rhys McKee",42.29,3,2025-09-06,yes
LIGHTWEIGHT,53,"Thiago Moises",41.30,3,2026-04-18,no
LIGHTWEIGHT,54,"Chris Padilla",40.89,3,2026-04-11,no
LIGHTWEIGHT,55,"Chase Hooper",40.76,3,2026-03-28,no
LIGHTWEIGHT,56,"Jai Herbert",38.67,3,2026-04-18,no
LIGHTWEIGHT,57,"Mairon Santos",38.38,3,2025-12-06,yes
LIGHTWEIGHT,58,"Kyle Prepolec",38.30,3,2025-10-18,yes
LIGHTWEIGHT,59,"Jordan Vucenic",38.00,2,2025-03-22,yes
LIGHTWEIGHT,60,"Timothy Cuamba",37.21,3,2025-11-01,yes
LIGHTWEIGHT,61,"Rong Zhu",35.85,3,2025-08-23,yes
LIGHTWEIGHT,62,"Drakkar Klose",35.70,3,2025-08-16,yes
LIGHTWEIGHT,63,"Mike Davis",35.48,3,2025-07-12,yes
LIGHTWEIGHT,64,"Matheus Camilo",35.27,2,2025-11-15,no
LIGHTWEIGHT,65,"Bolaji Oki",35.07,3,2026-03-14,no
LIGHTWEIGHT,66,"Viacheslav Borshchev",34.94,3,2025-11-15,yes
LIGHTWEIGHT,67,"Tommy Gantt",34.46,2,2026-05-16,no
LIGHTWEIGHT,68,"Trey Ogden",32.66,3,2026-05-16,no
LIGHTWEIGHT,69,"Yanal Ashmoz",31.59,3,2025-06-07,yes
LIGHTWEIGHT,70,"Darrius Flowers",31.01,3,2026-04-04,no
LIGHTWEIGHT,71,"Austin Hubbard",30.67,3,2025-08-23,yes
LIGHTWEIGHT,72,"Nikolas Motta",28.04,3,2025-06-21,yes
LIGHTWEIGHT,73,"Evan Elder",27.27,3,2025-04-26,yes
LIGHTWEIGHT,74,"Rolando Bedoya",27.26,3,2025-09-27,yes
LIGHTWEIGHT,75,"Hayisaer Maheshate",24.89,3,2025-08-23,yes
LIGHTWEIGHT,76,"Kody Steele",23.56,2,2026-05-02,no
LIGHTWEIGHT,77,"Dom Mar Fan",23.00,2,2026-05-02,no
LIGHTWEIGHT,78,"Francis Marshall",22.98,3,2026-04-25,no
LIGHTWEIGHT,79,"Guram Kutateladze",22.96,3,2025-03-22,yes
FEATHERWEIGHT,1,"Alexander Volkanovski",100.00,3,2026-01-31,yes
FEATHERWEIGHT,2,"Lerone Murphy",81.67,3,2026-03-21,no
FEATHERWEIGHT,3,"Youssef Zalal",71.15,3,2026-04-25,no
FEATHERWEIGHT,4,"Aaron Pico",69.17,2,2026-04-11,no
FEATHERWEIGHT,5,"Josh Emmet",68.11,3,2025-10-04,yes
FEATHERWEIGHT,6,"Jean Silva",67.50,3,2026-01-24,yes
FEATHERWEIGHT,7,"Arnold Allen",66.14,3,2026-05-16,no
FEATHERWEIGHT,8,"Diego Lopes",65.67,3,2026-06-14,no
FEATHERWEIGHT,9,"Kevin Vallejos",63.56,3,2026-03-14,no
FEATHERWEIGHT,10,"Patricio Pitbull",62.93,3,2026-04-11,no
FEATHERWEIGHT,11,"Aljamain Sterling",62.73,3,2026-04-25,no
FEATHERWEIGHT,12,"Melquizael Costa",62.52,3,2026-05-16,no
FEATHERWEIGHT,13,"Vinicius Oliveira",60.67,3,2026-06-20,no
FEATHERWEIGHT,14,"Giga Chikadze",60.00,3,2026-06-20,no
FEATHERWEIGHT,15,"Movsar Evloev",59.69,3,2026-03-21,no
FEATHERWEIGHT,16,"David Onama",59.41,3,2025-11-01,yes
FEATHERWEIGHT,17,"Cub Swanson",58.96,3,2026-04-11,no
FEATHERWEIGHT,18,"Dan Ige",58.82,3,2026-02-22,no
FEATHERWEIGHT,19,"Calvin Kattar",58.00,3,2025-07-12,yes
FEATHERWEIGHT,20,"Cortavious Romious",56.00,2,2025-04-05,yes
FEATHERWEIGHT,21,"Luke Riley",54.73,2,2026-03-21,no
FEATHERWEIGHT,22,"Nate Landwehr",54.07,3,2026-04-11,no
FEATHERWEIGHT,23,"Marwan Rahiki",52.36,2,2026-05-02,no
FEATHERWEIGHT,24,"Andre Fili",51.19,3,2026-06-20,no
FEATHERWEIGHT,25,"Steve Garcia",51.00,3,2026-06-14,no
FEATHERWEIGHT,26,"Morgan Charriere",49.04,3,2025-12-13,yes
FEATHERWEIGHT,27,"Daniel Santos",48.46,3,2026-05-16,no
FEATHERWEIGHT,28,"Julian Erosa",47.97,3,2026-03-28,no
FEATHERWEIGHT,29,"Hyder Amil",47.89,3,2026-06-20,no
FEATHERWEIGHT,30,"Isaac Dulgarian",47.41,3,2025-11-01,yes
FEATHERWEIGHT,31,"Christian Rodriguez",47.11,3,2026-06-20,no
FEATHERWEIGHT,32,"Melsik Baghdasaryan",46.96,3,2026-06-20,no
FEATHERWEIGHT,33,"Patrick Sabatini",46.62,3,2025-11-15,yes
FEATHERWEIGHT,34,"Jose Miguel Delgado",45.33,3,2026-03-14,no
FEATHERWEIGHT,35,"Gabriel Santos",45.01,3,2025-02-08,yes
FEATHERWEIGHT,36,"Sean Woodson",44.70,3,2025-04-12,yes
FEATHERWEIGHT,37,"Joanderson Brito",42.79,3,2026-06-06,no
FEATHERWEIGHT,38,"Ricardo Ramos",42.68,3,2025-10-11,yes
FEATHERWEIGHT,39,"Seung Woo Choi",42.67,3,2025-03-15,yes
FEATHERWEIGHT,40,"Darren Elkins",42.33,3,2025-04-12,yes
FEATHERWEIGHT,41,"Robert Ruchala",42.31,2,2026-04-04,no
FEATHERWEIGHT,42,"Harry Hardwick",42.18,2,2026-03-14,no
FEATHERWEIGHT,43,"Lucas Almeida",42.03,3,2025-10-11,yes
FEATHERWEIGHT,44,"Ricky Turcios",41.36,3,2026-03-07,no
FEATHERWEIGHT,45,"William Gomis",41.13,3,2026-05-09,no
FEATHERWEIGHT,46,"Kaan Ofli",41.04,3,2026-01-31,no
FEATHERWEIGHT,47,"Yoo Joo-sang",40.91,2,2025-10-04,yes
FEATHERWEIGHT,48,"Austin Bashi",40.24,3,2025-08-02,yes
FEATHERWEIGHT,49,"Nathaniel Wood",39.44,3,2026-03-21,no
FEATHERWEIGHT,50,"Danny Silva",38.70,3,2026-03-21,no
FEATHERWEIGHT,51,"Dennis Buzukja",37.21,3,2026-04-18,no
FEATHERWEIGHT,52,"Bogdan Grad",35.04,3,2025-11-22,no
FEATHERWEIGHT,53,"Jamall Emmers",34.86,3,2025-11-08,yes
FEATHERWEIGHT,54,"Connor Matthews",34.74,3,2025-05-17,yes
FEATHERWEIGHT,55,"Muhammad Naimov",34.56,3,2025-12-06,yes
FEATHERWEIGHT,56,"Michael Aswell",31.56,3,2026-06-20,no
FEATHERWEIGHT,57,"Lee Jeong-yeong",31.52,3,2025-05-10,yes
FEATHERWEIGHT,58,"Marcio Barbosa",30.55,2,2026-04-18,no
FEATHERWEIGHT,59,"Yi Zha",29.74,3,2026-01-31,yes
FEATHERWEIGHT,60,"Gaston Bolanos",28.24,3,2026-06-20,no
FEATHERWEIGHT,61,"Ramon Taveras",28.13,3,2026-05-30,no
FEATHERWEIGHT,62,"Kaue Fernandes",28.00,3,2025-09-06,yes
FEATHERWEIGHT,63,"Jordan Leavitt",23.71,3,2026-06-06,no
FEATHERWEIGHT,64,"Zhu Kangjie",20.10,3,2026-05-30,no
BANTAMWEIGHT,1,"Merab Dvalishvili",95.00,3,2025-12-06,yes
BANTAMWEIGHT,2,"Petr Yan",82.67,3,2025-12-06,yes
BANTAMWEIGHT,3,"Song Yadong",81.67,3,2026-05-30,no
BANTAMWEIGHT,4,"Cory Sandhagen",81.67,3,2025-10-04,no
BANTAMWEIGHT,5,"Sean O'Malley",81.50,3,2026-06-14,no
BANTAMWEIGHT,6,"Jose Aldo",75.00,3,2025-05-10,yes
BANTAMWEIGHT,7,"Mario Bautista",71.67,3,2026-02-07,no
BANTAMWEIGHT,8,"Henry Cejudo",69.97,3,2025-12-06,yes
BANTAMWEIGHT,9,"Umar Nurmagomedov",68.75,3,2026-01-24,no
BANTAMWEIGHT,10,"Deiveson Figueiredo",66.42,3,2026-05-30,no
BANTAMWEIGHT,11,"Kai Asakura",65.60,3,2026-05-30,no
BANTAMWEIGHT,12,"Rob Font",64.67,3,2026-03-07,no
BANTAMWEIGHT,13,"Kyler Phillips",64.12,3,2026-04-18,no
BANTAMWEIGHT,14,"Aiemann Zahabi",61.83,3,2026-06-14,no
BANTAMWEIGHT,15,"David Martinez",61.04,3,2026-02-28,no
BANTAMWEIGHT,16,"Marlon Vera",60.00,3,2026-02-28,no
BANTAMWEIGHT,17,"Payton Talbott",59.32,3,2025-12-06,yes
BANTAMWEIGHT,18,"Patchy Mix",56.14,2,2025-10-04,yes
BANTAMWEIGHT,19,"Montel Jackson",54.42,3,2026-04-25,no
BANTAMWEIGHT,20,"Said Nurmagomedov",51.22,3,2025-07-26,yes
BANTAMWEIGHT,21,"Jean Matsumoto",50.37,3,2026-02-07,no
BANTAMWEIGHT,22,"Bryce Mitchell",49.50,3,2026-06-06,no
BANTAMWEIGHT,23,"Davey Grant",49.23,3,2026-04-25,no
BANTAMWEIGHT,24,"Charles Jourdain",47.81,3,2026-04-18,no
BANTAMWEIGHT,25,"Santiago Luna",47.70,3,2026-06-06,no
BANTAMWEIGHT,26,"Raul Rosas Jr.",47.19,3,2026-03-07,no
BANTAMWEIGHT,27,"Marcus McGhee",45.64,3,2026-06-06,no
BANTAMWEIGHT,28,"Raoni Barcelos",44.64,3,2026-04-25,no
BANTAMWEIGHT,29,"Malcolm Wellmaker",43.58,3,2026-05-16,no
BANTAMWEIGHT,30,"Cody Garbrandt",42.21,3,2026-03-07,no
BANTAMWEIGHT,31,"Adrian Yanez",41.60,3,2026-03-28,no
BANTAMWEIGHT,32,"Cameron Smotherman",41.34,3,2026-05-30,no
BANTAMWEIGHT,33,"Daniel Marcos",40.00,3,2025-11-08,yes
BANTAMWEIGHT,34,"Ethyn Ewing",39.52,3,2026-06-20,no
BANTAMWEIGHT,35,"Da'Mon Blackshear",38.77,3,2025-07-26,yes
BANTAMWEIGHT,36,"Chris Gutierrez",37.85,3,2025-10-04,yes
BANTAMWEIGHT,37,"Rei Tsuruya",37.11,3,2026-05-30,no
BANTAMWEIGHT,38,"Toshiomi Kazama",36.21,3,2025-08-09,yes
BANTAMWEIGHT,39,"Cody Durden",36.15,3,2026-04-25,no
BANTAMWEIGHT,40,"Lee Chang-ho",36.00,3,2025-11-01,yes
BANTAMWEIGHT,41,"Victor Henry",35.08,3,2026-06-06,no
BANTAMWEIGHT,42,"Rafael Estevam",34.69,3,2026-04-04,no
BANTAMWEIGHT,43,"Vince Morales",34.45,3,2026-05-02,no
BANTAMWEIGHT,44,"Farid Basharat",34.36,3,2026-06-20,no
BANTAMWEIGHT,45,"Jakub Wiklacz",33.91,3,2026-06-06,no
BANTAMWEIGHT,46,"Jesus Aguilar",33.38,2,2026-05-30,no
BANTAMWEIGHT,47,"Bekzat Almakhan",32.64,3,2025-11-22,no
BANTAMWEIGHT,48,"You Su-young",32.15,3,2025-08-23,yes
BANTAMWEIGHT,49,"Miles Johns",31.85,3,2025-11-08,yes
BANTAMWEIGHT,50,"Aleksandre Topuria",31.79,2,2025-11-22,yes
BANTAMWEIGHT,51,"Xiao Long",31.69,3,2026-03-07,no
BANTAMWEIGHT,52,"Colby Thicknesse",30.97,3,2026-05-02,no
BANTAMWEIGHT,53,"Elijah Smith",30.95,3,2026-03-14,no
BANTAMWEIGHT,54,"Josias Musasa",30.67,2,2025-09-27,no
BANTAMWEIGHT,55,"Brad Katona",30.06,3,2025-05-10,yes
BANTAMWEIGHT,56,"Quang Le",29.99,3,2025-09-13,yes
BANTAMWEIGHT,57,"Javid Basharat",29.44,3,2026-02-07,yes
BANTAMWEIGHT,58,"Ricky Simon",29.15,3,2026-03-28,no
BANTAMWEIGHT,59,"Kris Moutinho",28.61,3,2026-02-28,no
BANTAMWEIGHT,60,"Luis Gurule",28.21,3,2026-05-30,no
BANTAMWEIGHT,61,"Jesus Santos-Aguilar",28.11,3,2025-09-13,yes
BANTAMWEIGHT,62,"Caolan Loughran",27.76,3,2025-03-22,yes
BANTAMWEIGHT,63,"Saimon Oliveira",27.70,3,2025-10-11,yes
BANTAMWEIGHT,64,"Cody Haddon",27.45,2,2026-05-30,no
BANTAMWEIGHT,65,"John Castaneda",26.91,3,2026-04-18,no
BANTAMWEIGHT,66,"Muin Gafurov",25.33,3,2026-02-07,yes
BANTAMWEIGHT,67,"John Yannis",25.12,3,2026-06-06,no
BANTAMWEIGHT,68,"Qileng Aori",24.00,3,2025-10-18,yes
BANTAMWEIGHT,69,"Luan Lacerda",18.55,3,2026-03-14,no
FLYWEIGHT,1,"Alexandre Pantoja",85.00,3,2025-12-06,yes
FLYWEIGHT,2,"Kai Kara-France",83.33,3,2025-06-28,yes
FLYWEIGHT,3,"Manel Kape",80.00,3,2026-06-20,no
FLYWEIGHT,4,"Joshua Van",80.00,3,2026-05-09,no
FLYWEIGHT,5,"Tatsuro Taira",78.33,3,2026-05-09,no
FLYWEIGHT,6,"Brandon Moreno",76.67,3,2026-02-28,no
FLYWEIGHT,7,"Brandon Royval",76.67,3,2025-12-13,no
FLYWEIGHT,8,"Amir Albazi",76.00,3,2026-02-07,yes
FLYWEIGHT,9,"Steve Erceg",68.00,3,2026-05-02,no
FLYWEIGHT,10,"Kyoji Horiguchi",64.36,3,2026-06-20,no
FLYWEIGHT,11,"Ode Osbourne",56.94,3,2025-08-09,no
FLYWEIGHT,12,"Tim Elliott",55.30,3,2026-05-02,no
FLYWEIGHT,13,"Asu Almabayev",55.25,3,2025-11-22,no
FLYWEIGHT,14,"Matt Schnell",49.74,3,2026-06-06,no
FLYWEIGHT,15,"Ronaldo Rodriguez",49.19,2,2025-03-29,yes
FLYWEIGHT,16,"Bruno Gustavo da Silva",47.67,3,2025-10-18,yes
FLYWEIGHT,17,"Kevin Borjas",47.65,3,2026-06-20,no
FLYWEIGHT,18,"Su Mudaerji",45.85,3,2025-08-23,yes
FLYWEIGHT,19,"Edgar Chairez",45.56,3,2026-06-06,no
FLYWEIGHT,20,"Imanol Rodriguez",44.67,2,2026-06-06,no
FLYWEIGHT,21,"Park Hyun-sung",44.33,3,2025-10-18,yes
FLYWEIGHT,22,"Jose Johnson",41.89,3,2025-01-11,yes
FLYWEIGHT,23,"CJ Vergara",41.07,3,2025-03-29,yes
FLYWEIGHT,24,"Sumudaerji",39.54,2,2026-05-30,no
FLYWEIGHT,25,"Charles Johnson",38.60,3,2026-03-14,no
FLYWEIGHT,26,"Felipe Bunes",38.09,3,2026-02-28,no
FLYWEIGHT,27,"Alex Perez",36.79,3,2026-05-30,no
FLYWEIGHT,28,"Joseph Morales",36.15,3,2025-11-08,yes
FLYWEIGHT,29,"Andre Lima",36.04,3,2026-06-20,no
FLYWEIGHT,30,"Allan Nascimento",35.64,3,2026-06-20,no
FLYWEIGHT,31,"Bruno Silva",34.84,3,2026-06-06,no
FLYWEIGHT,32,"Nyamjargal Tumendemberel",33.62,2,2026-03-07,no
FLYWEIGHT,33,"Jose Ochoa",33.19,3,2026-05-09,no
FLYWEIGHT,34,"Lone'er Kavanagh",32.74,3,2025-08-23,yes
FLYWEIGHT,35,"Jafel Filho",32.64,3,2026-04-25,no
FLYWEIGHT,36,"Alessandro Costa",31.76,3,2026-06-06,no
FLYWEIGHT,37,"Felipe dos Santos",29.93,3,2025-03-22,yes
FLYWEIGHT,38,"Ramazan Temirov",29.33,2,2025-03-01,no
FLYWEIGHT,39,"Mitch Raposo",29.30,3,2026-06-20,no
FLYWEIGHT,40,"Alibi Idiris",28.91,2,2026-02-22,no
FLYWEIGHT,41,"Alden Coria",28.73,2,2026-02-22,no
FLYWEIGHT,42,"Tagir Ulanbekov",28.51,3,2025-11-22,yes
FLYWEIGHT,43,"Azat Maksum",27.15,3,2025-10-25,yes
FLYWEIGHT,44,"Clayton Carpenter",26.07,3,2026-05-09,no
FLYWEIGHT,45,"Stewart Nicoll",25.42,3,2026-04-04,no
FLYWEIGHT,46,"Lucas Rocha",25.12,3,2026-04-25,no
FLYWEIGHT,47,"Carlos Hernandez",24.67,3,2025-05-17,yes
FLYWEIGHT,48,"Daniel Barez",22.12,3,2026-05-16,no
WOMENS_BANTAMWEIGHT,1,"Kayla Harrison",64.81,3,2025-06-07,yes
WOMENS_BANTAMWEIGHT,2,"Norma Dumont",44.19,3,2026-04-25,no
WOMENS_BANTAMWEIGHT,3,"Macy Chiasson",40.26,3,2026-02-28,no
WOMENS_BANTAMWEIGHT,4,"Yana Kunitskaya",38.81,3,2025-10-04,yes
WOMENS_BANTAMWEIGHT,5,"Joselyne Edwards",38.63,3,2026-04-25,no
WOMENS_BANTAMWEIGHT,6,"Karol Rosa",35.30,3,2026-06-20,no
WOMENS_BANTAMWEIGHT,7,"Ketlen Vieira",35.21,3,2026-05-16,no
WOMENS_BANTAMWEIGHT,8,"Nora Cornolle",34.03,3,2026-02-22,no
WOMENS_BANTAMWEIGHT,9,"Ailin Perez",33.24,3,2026-02-28,no
WOMENS_BANTAMWEIGHT,10,"Bia Mesquita",31.30,2,2026-06-20,no
WOMENS_BANTAMWEIGHT,11,"Mayra Bueno Silva",29.36,3,2026-04-25,no
WOMENS_BANTAMWEIGHT,12,"Tainara Lisboa",29.33,3,2025-10-18,yes
WOMENS_BANTAMWEIGHT,13,"Chelsea Chandler",28.60,3,2026-06-06,no
WOMENS_BANTAMWEIGHT,14,"Melissa Mullins",28.22,3,2026-06-20,no
WOMENS_BANTAMWEIGHT,15,"Daria Zheleznyakova",28.12,2,2025-06-21,yes
WOMENS_BANTAMWEIGHT,16,"Luana Santos",26.74,3,2026-06-20,no
WOMENS_BANTAMWEIGHT,17,"Michelle Montague",26.60,2,2026-04-25,no
WOMENS_BANTAMWEIGHT,18,"Jacqueline Cavalcanti",26.03,3,2026-05-16,no
WOMENS_BANTAMWEIGHT,19,"Josiane Nunes",25.67,3,2025-03-15,yes
WOMENS_BANTAMWEIGHT,20,"Melissa Croden",23.81,3,2026-04-18,no
WOMENS_BANTAMWEIGHT,21,"Priscila Cachoeira",23.52,3,2026-06-06,no
WOMENS_BANTAMWEIGHT,22,"Alice Pereira",22.43,2,2026-04-04,no
WOMENS_BANTAMWEIGHT,23,"Luana Carolina",20.63,3,2026-03-21,no
WOMENS_BANTAMWEIGHT,24,"Hailey Cowan",20.41,3,2026-04-04,no
WOMENS_BANTAMWEIGHT,25,"Klaudia Sygula",18.96,3,2026-02-07,yes
WOMENS_FLYWEIGHT,1,"Valentina Shevchenko",85.00,3,2025-11-15,yes
WOMENS_FLYWEIGHT,2,"Alexa Grasso",72.48,3,2026-03-28,no
WOMENS_FLYWEIGHT,3,"Manon Fiorot",72.33,3,2025-10-18,yes
WOMENS_FLYWEIGHT,4,"Rose Namajunas",66.58,3,2026-01-24,yes
WOMENS_FLYWEIGHT,5,"Natalia Silva",65.40,3,2026-01-24,yes
WOMENS_FLYWEIGHT,6,"Erin Blanchfield",65.09,3,2025-11-15,no
WOMENS_FLYWEIGHT,7,"Maycee Barber",55.70,3,2026-03-28,no
WOMENS_FLYWEIGHT,8,"Tracy Cortez",55.34,3,2025-11-15,no
WOMENS_FLYWEIGHT,9,"Jessica Andrade",52.67,3,2025-08-16,yes
WOMENS_FLYWEIGHT,10,"Viviane Araujo",51.73,3,2025-06-28,yes
WOMENS_FLYWEIGHT,11,"Jasmine Jasudavicius",50.71,3,2026-04-18,no
WOMENS_FLYWEIGHT,12,"Karine Silva",41.73,3,2026-04-18,no
WOMENS_FLYWEIGHT,13,"Miranda Maverick",41.00,3,2025-06-14,yes
WOMENS_FLYWEIGHT,14,"Gabriella Fernandes",34.61,3,2026-03-28,no
WOMENS_FLYWEIGHT,15,"Dione Barbosa",27.62,3,2026-04-04,no
WOMENS_FLYWEIGHT,16,"Ernesta Kareckaite",26.91,3,2026-02-28,no
WOMENS_FLYWEIGHT,17,"JJ Aldrich",21.54,3,2026-04-18,no
WOMENS_FLYWEIGHT,18,"Jamey-Lyn Horth",19.64,3,2026-04-18,no
WOMENS_FLYWEIGHT,19,"Veronica Macedo",18.67,3,2025-10-04,yes
WOMENS_FLYWEIGHT,20,"Yuneisy Duben",17.54,2,2026-06-06,no
WOMENS_FLYWEIGHT,21,"Carli Judice",17.33,3,2026-02-22,no
WOMENS_FLYWEIGHT,22,"Juliana Miller",16.00,3,2026-02-22,no
WOMENS_STRAWWEIGHT,1,"Zhang Weili",85.00,3,2025-11-15,yes
WOMENS_STRAWWEIGHT,2,"Mackenzie Dern",81.67,3,2025-10-25,no
WOMENS_STRAWWEIGHT,3,"Virna Jandiroba",67.67,3,2026-04-04,no
WOMENS_STRAWWEIGHT,4,"Yan Xiaonan",67.67,3,2025-04-12,yes
WOMENS_STRAWWEIGHT,5,"Amanda Ribas",63.11,3,2025-07-26,no
WOMENS_STRAWWEIGHT,6,"Iasmin Lucindo",55.54,3,2025-08-09,yes
WOMENS_STRAWWEIGHT,7,"Tabatha Ricci",55.11,3,2026-04-04,no
WOMENS_STRAWWEIGHT,8,"Amanda Lemos",55.01,3,2026-03-14,no
WOMENS_STRAWWEIGHT,9,"Tatiana Suarez",51.95,3,2026-04-11,no
WOMENS_STRAWWEIGHT,10,"Gillian Robertson",49.44,3,2026-03-14,no
WOMENS_STRAWWEIGHT,11,"Molly McCann",47.94,3,2025-03-22,yes
WOMENS_STRAWWEIGHT,12,"Lupita Godinez",39.85,3,2025-08-16,yes
WOMENS_STRAWWEIGHT,13,"Luana Pinheiro",38.04,3,2025-05-17,yes
WOMENS_STRAWWEIGHT,14,"Karolina Kowalkiewicz",37.15,3,2025-10-11,yes
WOMENS_STRAWWEIGHT,15,"Angela Hill",36.77,3,2026-05-30,no
WOMENS_STRAWWEIGHT,16,"Marina Rodriguez",35.70,3,2025-05-03,yes
WOMENS_STRAWWEIGHT,17,"Cong Wang",33.74,3,2026-02-07,yes
WOMENS_STRAWWEIGHT,18,"Bruna Brasil",31.10,3,2026-03-28,no
WOMENS_STRAWWEIGHT,19,"Elise Reed",31.00,3,2025-05-17,yes
WOMENS_STRAWWEIGHT,20,"Denise Gomes",30.63,3,2025-11-08,yes
WOMENS_STRAWWEIGHT,21,"Alexia Thainara",29.03,3,2026-03-28,no
WOMENS_STRAWWEIGHT,22,"Polyana Viana",27.36,3,2026-05-16,no
WOMENS_STRAWWEIGHT,23,"Ravena Oliveira",26.44,3,2026-03-21,no
WOMENS_STRAWWEIGHT,24,"Stephanie Luciano",25.74,3,2026-03-28,no
WOMENS_STRAWWEIGHT,25,"Tecia Torres",22.15,3,2025-11-08,yes
WOMENS_STRAWWEIGHT,26,"Julia Polastri",21.93,3,2026-04-25,no
WOMENS_STRAWWEIGHT,27,"Fatima Kline",21.58,3,2025-11-15,no
WOMENS_STRAWWEIGHT,28,"Ketlen Souza",21.33,3,2026-06-06,no
WOMENS_STRAWWEIGHT,29,"Nicolle Caliari",20.97,3,2026-05-16,no
WOMENS_STRAWWEIGHT,30,"Alice Ardelean",20.72,3,2026-05-16,no
WOMENS_STRAWWEIGHT,31,"Melissa Martinez",20.67,3,2025-07-12,yes
WOMENS_STRAWWEIGHT,32,"Loma Lookboonmee",20.44,3,2026-05-30,no
WOMENS_STRAWWEIGHT,33,"Sam Hughes",20.00,3,2026-03-14,no
WOMENS_STRAWWEIGHT,34,"Victoria Dudakova",19.88,3,2025-01-11,yes
WOMENS_STRAWWEIGHT,35,"Jaqueline Amorim",19.76,3,2026-05-30,no
WOMENS_STRAWWEIGHT,36,"Vanessa Demopoulos",18.96,3,2025-06-14,yes
WOMENS_STRAWWEIGHT,37,"Ariane Carnelossi",18.96,3,2026-06-06,no
WOMENS_STRAWWEIGHT,38,"Shauna Bannon",18.67,3,2026-05-16,no
WOMENS_STRAWWEIGHT,39,"Piera Rodriguez",16.00,3,2026-03-14,no
WOMENS_STRAWWEIGHT,40,"Talita Alencar",16.00,3,2026-04-25,no