name,division,placementScore,careerFights,wins,losses,winRate,finishRate,koShare,subShare,decShare,inAppFollowers
"Alexander Volkanovski",FEATHERWEIGHT,100.0,17,14,3,0.824,0.286,0.286,0.000,0.714,2
"Max Holloway",LIGHTWEIGHT,100.0,32,16,8,0.667,0.500,0.438,0.063,0.500,4
"Islam Makhachev",WELTERWEIGHT,100.0,18,15,1,0.938,0.667,0.133,0.533,0.333,3
"Dricus Du Plessis",MIDDLEWEIGHT,100.0,10,9,1,0.900,0.667,0.444,0.222,0.333,0
"Khamzat Chimaev",MIDDLEWEIGHT,97.2,10,9,1,0.900,0.667,0.222,0.444,0.333,6
"Dustin Poirier",LIGHTWEIGHT,97.2,32,16,6,0.727,0.563,0.438,0.125,0.438,0
"Merab Dvalishvili",BANTAMWEIGHT,95.4,17,14,3,0.824,0.143,0.071,0.071,0.857,1
"Magomed Ankalaev",LIGHT_HEAVYWEIGHT,94.5,16,12,2,0.857,0.500,0.500,0.000,0.500,0
"Sean Strickland",MIDDLEWEIGHT,93.9,25,14,6,0.700,0.286,0.286,0.000,0.714,2
"Charles Oliveira",LIGHTWEIGHT,93.9,37,16,7,0.696,0.813,0.250,0.563,0.188,3
"Tom Aspinall",HEAVYWEIGHT,92.7,10,7,1,0.875,1.000,0.714,0.286,0.000,1
"Ilia Topuria",LIGHTWEIGHT,92.3,9,7,1,0.875,1.000,0.857,0.143,0.000,12
"Paddy Pimblett",LIGHTWEIGHT,89.9,8,5,1,0.833,0.600,0.400,0.200,0.400,0
"Jack Della Maddalena",WELTERWEIGHT,89.8,10,8,2,0.800,0.625,0.500,0.125,0.375,3
"Justin Gaethje",LIGHTWEIGHT,89.6,16,11,5,0.688,0.636,0.636,0.000,0.364,5
"Carlos Ulberg",LIGHT_HEAVYWEIGHT,88.0,11,10,1,0.909,0.700,0.600,0.100,0.300,1
"Petr Yan",BANTAMWEIGHT,86.5,16,12,4,0.750,0.333,0.333,0.000,0.667,1
"Alex Pereira",HEAVYWEIGHT,85.8,12,9,3,0.750,0.778,0.778,0.000,0.222,11
"Jiri Prochazka",LIGHT_HEAVYWEIGHT,85.3,9,6,3,0.667,1.000,0.833,0.167,0.000,5
"Kamaru Usman",MIDDLEWEIGHT,85.2,19,13,3,0.813,0.308,0.308,0.000,0.692,1
"Paulo Costa",LIGHT_HEAVYWEIGHT,85.0,9,5,4,0.556,0.400,0.400,0.000,0.600,1
"Zhang Weili",WOMENS_STRAWWEIGHT,85.0,13,9,3,0.750,0.444,0.222,0.222,0.556,0
"Valentina Shevchenko",WOMENS_FLYWEIGHT,85.0,19,12,3,0.800,0.417,0.250,0.167,0.583,1
"Alexandre Pantoja",FLYWEIGHT,85.0,18,12,4,0.750,0.500,0.167,0.333,0.500,0
"Kai Kara-France",FLYWEIGHT,84.1,13,7,4,0.636,0.429,0.429,0.000,0.571,0
"Israel Adesanya",MIDDLEWEIGHT,83.7,19,13,6,0.684,0.385,0.385,0.000,0.615,4
"Caio Borralho",MIDDLEWEIGHT,82.6,9,8,1,0.889,0.250,0.125,0.125,0.750,0
"Mackenzie Dern",WOMENS_STRAWWEIGHT,82.6,17,8,5,0.615,0.500,0.000,0.500,0.500,0
"Cory Sandhagen",BANTAMWEIGHT,82.6,16,10,5,0.667,0.700,0.600,0.100,0.300,1
"Joshua Van",FLYWEIGHT,82.2,11,9,1,0.900,0.444,0.444,0.000,0.556,2
"Song Yadong",BANTAMWEIGHT,81.5,15,10,4,0.714,0.500,0.400,0.100,0.500,0
"Lerone Murphy",FEATHERWEIGHT,81.5,11,7,1,0.875,0.429,0.429,0.000,0.571,0
"Robert Whittaker",LIGHT_HEAVYWEIGHT,81.5,24,11,6,0.647,0.182,0.182,0.000,0.818,1
"Dan Hooker",LIGHTWEIGHT,80.7,23,11,7,0.611,0.545,0.455,0.091,0.455,0
"Jamahal Hill",LIGHT_HEAVYWEIGHT,80.6,11,5,4,0.556,0.600,0.600,0.000,0.400,0
"Belal Muhammad",WELTERWEIGHT,80.0,22,14,5,0.737,0.143,0.071,0.071,0.857,0
"Gilbert Burns",WELTERWEIGHT,80.0,25,11,8,0.579,0.545,0.273,0.273,0.455,0
"Manel Kape",FLYWEIGHT,80.0,11,8,3,0.727,0.750,0.750,0.000,0.250,0
"Tatsuro Taira",FLYWEIGHT,79.5,11,7,2,0.778,0.714,0.429,0.286,0.286,1
"Khalil Rountree Jr.",LIGHT_HEAVYWEIGHT,78.6,18,9,5,0.643,0.778,0.778,0.000,0.222,0
"Ciryl Gane",HEAVYWEIGHT,78.4,14,9,2,0.818,0.667,0.444,0.222,0.333,4
"Anthony Hernandez",MIDDLEWEIGHT,77.8,12,8,3,0.727,0.750,0.250,0.500,0.250,0
"Nassourdine Imavov",MIDDLEWEIGHT,77.8,12,9,2,0.818,0.444,0.444,0.000,0.556,0
"Gabriel Bonfim",WELTERWEIGHT,77.8,8,7,1,0.875,0.571,0.143,0.429,0.429,0
"Reinier De Ridder",MIDDLEWEIGHT,77.8,5,4,1,0.800,0.750,0.250,0.500,0.250,0
"Brandon Moreno",FLYWEIGHT,76.9,20,10,7,0.588,0.500,0.300,0.200,0.500,1
"Brandon Royval",FLYWEIGHT,76.9,12,7,5,0.583,0.571,0.143,0.429,0.429,1
"Leon Edwards",WELTERWEIGHT,76.3,20,11,3,0.786,0.273,0.182,0.091,0.727,0
"Arman Tsarukyan",LIGHTWEIGHT,75.4,12,10,2,0.833,0.500,0.400,0.100,0.500,1
"Yair Rodriguez",FEATHERWEIGHT,74.9,16,7,4,0.636,0.571,0.571,0.000,0.429,0
"Sean O'Malley",BANTAMWEIGHT,74.7,17,11,3,0.786,0.636,0.636,0.000,0.364,8
"Benoit St. Denis",LIGHTWEIGHT,74.5,12,9,3,0.750,1.000,0.556,0.444,0.000,0
"Mario Bautista",BANTAMWEIGHT,74.2,14,11,2,0.846,0.455,0.091,0.364,0.545,0
"Renato Moicano",LIGHTWEIGHT,74.0,21,12,7,0.632,0.667,0.167,0.500,0.333,1
"Amir Albazi",FLYWEIGHT,73.9,7,4,2,0.667,0.750,0.250,0.500,0.250,0
"Carlos Prates",WELTERWEIGHT,73.7,8,6,1,0.857,1.000,1.000,0.000,0.000,5
"Youssef Zalal",FEATHERWEIGHT,73.3,6,3,2,0.600,0.667,0.000,0.667,0.333,0
"Jose Aldo",BANTAMWEIGHT,72.8,23,14,9,0.609,0.286,0.286,0.000,0.714,1
"Joaquin Buckley",WELTERWEIGHT,72.6,7,3,3,0.500,0.667,0.667,0.000,0.333,1
"Ian Garry",WELTERWEIGHT,72.5,11,9,0,1.000,0.333,0.333,0.000,0.667,4
"Joe Pyfer",MIDDLEWEIGHT,72.3,3,2,0,1.000,0.500,0.500,0.000,0.500,0
"Rafael Fiziev",LIGHTWEIGHT,72.1,12,6,5,0.545,0.500,0.500,0.000,0.500,0
"Jared Cannonier",MIDDLEWEIGHT,72.1,20,9,9,0.500,0.556,0.556,0.000,0.444,0
"Zhang Mingyang",LIGHT_HEAVYWEIGHT,71.7,5,3,2,0.600,1.000,1.000,0.000,0.000,0
"Mike Malott",WELTERWEIGHT,71.4,8,6,1,0.857,0.667,0.333,0.333,0.333,0
"Kayla Harrison",WOMENS_BANTAMWEIGHT,71.4,3,3,0,1.000,0.667,0.000,0.667,0.333,0
"Azamat Murzakanov",LIGHT_HEAVYWEIGHT,70.9,7,6,1,0.857,0.833,0.833,0.000,0.167,0
"Sean Brady",WELTERWEIGHT,70.7,12,8,2,0.800,0.500,0.000,0.500,0.500,0
"Alexa Grasso",WOMENS_FLYWEIGHT,70.0,15,7,5,0.583,0.286,0.143,0.143,0.714,0
"Kyoji Horiguchi",FLYWEIGHT,69.9,11,5,2,0.714,0.400,0.200,0.200,0.600,1
"Virna Jandiroba",WOMENS_STRAWWEIGHT,69.9,12,8,3,0.727,0.500,0.125,0.375,0.500,0
"Henry Cejudo",BANTAMWEIGHT,69.7,16,8,6,0.571,0.500,0.500,0.000,0.500,0
"Arnold Allen",FEATHERWEIGHT,69.6,15,9,3,0.750,0.222,0.111,0.111,0.778,0
"Kevin Vallejos",FEATHERWEIGHT,69.5,4,3,0,1.000,0.667,0.667,0.000,0.333,1
"Brian Ortega",LIGHTWEIGHT,69.4,15,7,5,0.583,0.857,0.286,0.571,0.143,0
"Chris Duncan",LIGHTWEIGHT,69.2,8,5,2,0.714,0.600,0.000,0.600,0.400,0
"Aljamain Sterling",FEATHERWEIGHT,69.0,23,15,3,0.833,0.200,0.071,0.143,0.786,0
"Deiveson Figueiredo",BANTAMWEIGHT,69.0,22,14,7,0.667,0.571,0.286,0.286,0.429,0
"Brendan Allen",MIDDLEWEIGHT,68.7,19,14,4,0.778,0.571,0.143,0.429,0.429,0
"Josh Emmet",FEATHERWEIGHT,68.7,16,0,0,,,,,,0
"Michael Morales",WELTERWEIGHT,68.7,7,7,0,1.000,0.714,0.714,0.000,0.286,1
"Curtis Blaydes",HEAVYWEIGHT,68.5,21,12,5,0.706,0.500,0.500,0.000,0.500,0
"Dominick Reyes",LIGHT_HEAVYWEIGHT,68.4,15,8,5,0.615,0.625,0.500,0.125,0.375,0
"Justin Tafa",HEAVYWEIGHT,68.1,10,4,5,0.444,1.000,1.000,0.000,0.000,0
"Melquizael Costa",FEATHERWEIGHT,67.4,10,7,3,0.700,0.571,0.286,0.286,0.429,0
"Manon Fiorot",WOMENS_FLYWEIGHT,67.2,9,7,1,0.875,0.429,0.429,0.000,0.571,1
"Rob Font",BANTAMWEIGHT,66.8,21,11,8,0.579,0.545,0.455,0.091,0.455,0
"Alexander Volkov",HEAVYWEIGHT,66.5,19,13,4,0.765,0.462,0.385,0.077,0.538,0
"Rose Namajunas",WOMENS_FLYWEIGHT,65.8,19,10,6,0.625,0.400,0.200,0.200,0.600,1
"Johnny Walker",LIGHT_HEAVYWEIGHT,65.8,16,8,7,0.533,0.875,0.750,0.125,0.125,0
"Jean Silva",FEATHERWEIGHT,65.8,7,6,1,0.857,0.833,0.667,0.167,0.167,0
"David Onama",FEATHERWEIGHT,65.7,9,6,3,0.667,0.500,0.333,0.167,0.500,0
"Geoff Neal",WELTERWEIGHT,65.3,13,6,6,0.500,0.833,0.833,0.000,0.167,0
"Aaron Pico",FEATHERWEIGHT,65.2,2,1,1,0.500,0.000,0.000,0.000,1.000,1
"Beneil Dariush",LIGHTWEIGHT,65.0,26,12,6,0.667,0.500,0.250,0.250,0.500,1
"Natalia Silva",WOMENS_FLYWEIGHT,64.7,8,8,0,1.000,0.250,0.250,0.000,0.750,0
"Kyler Phillips",BANTAMWEIGHT,64.4,11,5,4,0.556,0.400,0.200,0.200,0.600,0
"Roman Dolidze",MIDDLEWEIGHT,64.4,14,8,5,0.615,0.500,0.500,0.000,0.500,0
"David Martinez",BANTAMWEIGHT,64.2,3,3,0,1.000,0.333,0.333,0.000,0.667,0
"Steve Erceg",FLYWEIGHT,64.1,7,4,3,0.571,0.250,0.250,0.000,0.750,0
"Movsar Evloev",FEATHERWEIGHT,63.9,10,8,0,1.000,0.000,0.000,0.000,1.000,0
"Stephen Thompson",WELTERWEIGHT,63.9,22,9,8,0.529,0.444,0.444,0.000,0.556,0
"Umar Nurmagomedov",BANTAMWEIGHT,63.2,9,7,1,0.875,0.429,0.143,0.286,0.571,0
"Quillan Salkilld",LIGHTWEIGHT,63.2,5,4,0,1.000,1.000,0.750,0.250,0.000,1
"Tallison Teixeira",HEAVYWEIGHT,63.2,4,2,2,0.500,0.500,0.500,0.000,0.500,0
"Waldo Cortes-Acosta",HEAVYWEIGHT,63.1,12,8,2,0.800,0.625,0.625,0.000,0.375,0
"Jairzinho Rozenstruik",HEAVYWEIGHT,63.0,15,9,6,0.600,0.889,0.889,0.000,0.111,0
"Anthony Smith",LIGHT_HEAVYWEIGHT,62.2,23,11,9,0.550,0.909,0.455,0.455,0.091,1
"Aleksandar Rakic",HEAVYWEIGHT,62.1,11,6,5,0.545,0.333,0.333,0.000,0.667,0
"Marlon Vera",BANTAMWEIGHT,62.1,25,12,10,0.545,0.750,0.500,0.250,0.250,0
"Yan Xiaonan",WOMENS_STRAWWEIGHT,61.9,13,9,4,0.692,0.111,0.111,0.000,0.889,0
"Santiagio Ponzinibbio",WELTERWEIGHT,61.9,21,0,0,,,,,,0
"Sodiq Yusuff",FEATHERWEIGHT,61.6,10,5,4,0.556,0.400,0.200,0.200,0.600,0
"Daniel Rodriguez",WELTERWEIGHT,61.5,14,8,4,0.667,0.375,0.250,0.125,0.625,0
"Michael Chandler",LIGHTWEIGHT,61.1,8,2,6,0.250,1.000,1.000,0.000,0.000,0
"Payton Talbott",BANTAMWEIGHT,61.1,6,4,1,0.800,0.500,0.500,0.000,0.500,1
"Derrick Lewis",HEAVYWEIGHT,61.1,32,15,9,0.625,0.800,0.800,0.000,0.200,3
"Michael Page",WELTERWEIGHT,60.8,5,3,1,0.750,0.000,0.000,0.000,1.000,1
"Mateusz Gamrot",LIGHTWEIGHT,60.7,13,9,4,0.692,0.556,0.222,0.333,0.444,0
"Kai Asakura",BANTAMWEIGHT,60.6,3,1,1,0.500,1.000,1.000,0.000,0.000,1
"Jailton Almeida",HEAVYWEIGHT,60.4,11,6,3,0.667,0.833,0.333,0.500,0.167,0
"Sharabutdin Magomedov",MIDDLEWEIGHT,60.4,6,0,0,,,,,,0
"Aiemann Zahabi",BANTAMWEIGHT,60.4,11,7,3,0.700,0.143,0.143,0.000,0.857,1
"Patricio Pitbull",FEATHERWEIGHT,60.1,3,1,2,0.333,0.000,0.000,0.000,1.000,0
"Cub Swanson",FEATHERWEIGHT,60.0,26,9,7,0.563,0.667,0.667,0.000,0.333,1
"Alonzo Menifield",LIGHT_HEAVYWEIGHT,59.9,19,10,6,0.625,0.600,0.500,0.100,0.400,0
"Jan Blachowicz",LIGHT_HEAVYWEIGHT,59.9,23,9,6,0.600,0.667,0.444,0.222,0.333,0
"Giga Chikadze",FEATHERWEIGHT,59.7,13,8,4,0.667,0.375,0.375,0.000,0.625,0
"Erin Blanchfield",WOMENS_FLYWEIGHT,59.6,9,8,1,0.889,0.500,0.000,0.500,0.500,0
"Gunnar Nelson",WELTERWEIGHT,59.5,16,5,4,0.556,0.800,0.000,0.800,0.200,0
"Ode Osbourne",FLYWEIGHT,59.3,12,5,6,0.455,0.600,0.600,0.000,0.400,0
"King Green",LIGHTWEIGHT,59.1,2,2,0,1.000,1.000,0.500,0.500,0.000,0
"Daniel Zellhuber",LIGHTWEIGHT,58.8,7,3,4,0.429,0.333,0.000,0.333,0.667,0
"Carlston Harris",WELTERWEIGHT,58.7,9,3,3,0.500,0.667,0.333,0.333,0.333,0
"Dan Ige",FEATHERWEIGHT,58.7,22,11,9,0.550,0.545,0.455,0.091,0.455,0
"Maycee Barber",WOMENS_FLYWEIGHT,58.7,13,8,3,0.727,0.375,0.375,0.000,0.625,0
"Calvin Kattar",FEATHERWEIGHT,58.6,15,7,5,0.583,0.571,0.571,0.000,0.429,0
"Kevin Holland",WELTERWEIGHT,58.0,29,13,11,0.542,0.615,0.154,0.462,0.385,2
"Luke Riley",FEATHERWEIGHT,58.0,2,2,0,1.000,0.500,0.500,0.000,0.500,0
"Randy Brown",WELTERWEIGHT,57.8,22,12,6,0.667,0.500,0.333,0.167,0.500,0
"Edmen Shahbazyan",MIDDLEWEIGHT,57.8,16,9,6,0.600,0.778,0.667,0.111,0.222,1
"Michael Johnson",LIGHTWEIGHT,57.8,32,8,10,0.444,0.375,0.375,0.000,0.625,0
"Sergey Spivak",HEAVYWEIGHT,57.6,14,0,0,,,,,,0
"Julian Marquez",MIDDLEWEIGHT,57.5,9,3,5,0.375,1.000,0.000,1.000,0.000,0
"Ion Cutelaba",LIGHT_HEAVYWEIGHT,57.4,22,8,10,0.444,0.750,0.500,0.250,0.250,0
"Vinicius Oliveira",FEATHERWEIGHT,57.3,7,4,1,0.800,0.250,0.250,0.000,0.750,0
"Jack Hermansson",MIDDLEWEIGHT,57.1,19,6,8,0.429,0.667,0.333,0.333,0.333,0
"Jim Crute",LIGHT_HEAVYWEIGHT,56.8,12,0,0,,,,,,0
"Amanda Lemos",WOMENS_STRAWWEIGHT,56.7,15,8,6,0.571,0.500,0.250,0.250,0.500,0
"Iasmin Lucindo",WOMENS_STRAWWEIGHT,56.6,7,5,2,0.714,0.200,0.000,0.200,0.800,0
"Drew Dober",LIGHTWEIGHT,56.5,27,12,9,0.571,0.750,0.750,0.000,0.250,0
"Uros Medic",WELTERWEIGHT,56.4,11,7,3,0.700,1.000,1.000,0.000,0.000,0
"Tabatha Ricci",WOMENS_STRAWWEIGHT,56.2,11,5,3,0.625,0.400,0.200,0.200,0.600,0
"Bogdan Guskov",LIGHT_HEAVYWEIGHT,56.1,7,4,1,0.800,1.000,0.750,0.250,0.000,0
"Sergei Pavlovich",HEAVYWEIGHT,56.0,11,9,2,0.818,0.778,0.778,0.000,0.222,0
"Cesar Almeida",MIDDLEWEIGHT,56.0,6,3,2,0.600,0.667,0.667,0.000,0.333,0
"Rizvan Kuniev",HEAVYWEIGHT,56.0,2,1,1,0.500,0.000,0.000,0.000,1.000,0
"Cortavious Romious",FEATHERWEIGHT,56.0,2,0,1,0.000,,,,,0
"Tim Elliott",FLYWEIGHT,56.0,22,7,10,0.412,0.286,0.000,0.286,0.714,0
"Ignacio Bahamondes",LIGHTWEIGHT,56.0,10,5,3,0.625,0.800,0.600,0.200,0.200,0
"Manuel Torres",LIGHTWEIGHT,55.5,5,4,1,0.800,1.000,0.750,0.250,0.000,0
"Nate Landwehr",FEATHERWEIGHT,55.3,11,5,5,0.500,0.600,0.200,0.400,0.400,0
"Daniel Santos",FEATHERWEIGHT,55.3,6,1,2,0.333,1.000,1.000,0.000,0.000,1
"Raul Rosas Jr.",BANTAMWEIGHT,55.2,8,5,1,0.833,0.600,0.200,0.400,0.400,0
"Gregory Rodrigues",MIDDLEWEIGHT,55.1,13,9,3,0.750,0.667,0.667,0.000,0.333,0
"Aalon Cruz",WELTERWEIGHT,54.5,3,0,2,0.000,,,,,0
"Charles Jourdain",BANTAMWEIGHT,54.4,17,8,7,0.533,0.625,0.125,0.500,0.375,0
"Jeremy Stephens",LIGHTWEIGHT,54.4,36,7,11,0.389,0.429,0.429,0.000,0.571,0
"Amanda Ribas",WOMENS_STRAWWEIGHT,54.1,14,6,5,0.545,0.500,0.167,0.333,0.500,0
"Ante Delija",HEAVYWEIGHT,54.1,3,1,2,0.333,1.000,1.000,0.000,0.000,0
"Ikram Aliskerov",MIDDLEWEIGHT,54.0,5,3,1,0.750,1.000,1.000,0.000,0.000,0
"Diego Lopes",FEATHERWEIGHT,54.0,10,5,3,0.625,0.600,0.600,0.000,0.400,2
"Patchy Mix",BANTAMWEIGHT,53.9,2,0,2,0.000,,,,,0
"Ludovit Klein",LIGHTWEIGHT,53.7,12,7,3,0.700,0.286,0.286,0.000,0.714,0
"Paul Craig",LIGHT_HEAVYWEIGHT,53.7,21,8,9,0.471,1.000,0.250,0.750,0.000,0
"Abdul Razak Alhassan",MIDDLEWEIGHT,53.6,14,6,4,0.600,1.000,1.000,0.000,0.000,0
"Mauricio Ruffy",LIGHTWEIGHT,53.4,6,4,1,0.800,0.750,0.750,0.000,0.250,2
"Abusupiyan Magomedov",MIDDLEWEIGHT,53.1,2,0,0,,,,,,0
"Gillian Robertson",WOMENS_STRAWWEIGHT,53.0,20,12,5,0.706,0.667,0.250,0.417,0.333,0
"Nasrat Haqparast",LIGHTWEIGHT,52.7,14,9,4,0.692,0.222,0.222,0.000,0.778,0
"Montel Jackson",BANTAMWEIGHT,52.6,13,9,4,0.692,0.444,0.333,0.111,0.556,0
"Marwan Rahiki",FEATHERWEIGHT,52.4,2,2,0,1.000,1.000,1.000,0.000,0.000,1
"Dustin Stoltzfus",MIDDLEWEIGHT,52.0,10,3,7,0.300,0.667,0.333,0.333,0.333,0
"Tom Nolan",LIGHTWEIGHT,51.8,6,5,1,0.833,0.400,0.200,0.200,0.600,0
"Ozzy Diaz",MIDDLEWEIGHT,51.7,2,0,2,0.000,,,,,0
"Volkan Oezdemir",LIGHT_HEAVYWEIGHT,51.7,16,9,7,0.563,0.667,0.556,0.111,0.333,0
"Bobby Green",LIGHTWEIGHT,51.7,28,0,0,,,,,,0
"Elizeu Zaleski dos Santos",WELTERWEIGHT,51.5,18,6,5,0.545,0.500,0.333,0.167,0.500,0
"Tofiq Musayev",LIGHTWEIGHT,51.4,3,1,1,0.500,0.000,0.000,0.000,1.000,0
"Jasmine Jasudavicius",WOMENS_FLYWEIGHT,51.4,12,8,3,0.727,0.250,0.000,0.250,0.750,0
"Navajo Stirling",LIGHT_HEAVYWEIGHT,51.2,5,5,0,1.000,0.400,0.400,0.000,0.600,1
"Josh Hokit",HEAVYWEIGHT,51.2,4,4,0,1.000,0.750,0.750,0.000,0.250,4
"Bryce Mitchell",BANTAMWEIGHT,51.0,14,9,2,0.818,0.222,0.000,0.222,0.778,1
"Myktybek Orolbai Uulu",LIGHTWEIGHT,50.8,5,3,1,0.750,1.000,0.333,0.667,0.000,0
"Tracy Cortez",WOMENS_FLYWEIGHT,50.7,8,6,2,0.750,0.000,0.000,0.000,1.000,0
"Christian Rodriguez",FEATHERWEIGHT,50.6,11,5,4,0.556,0.200,0.000,0.200,0.800,0
"Modestas Bukauskas",LIGHT_HEAVYWEIGHT,50.3,14,7,4,0.636,0.429,0.286,0.143,0.571,0
"Elves Brenner",LIGHTWEIGHT,50.3,6,0,0,,,,,,0
"Morgan Charriere",FEATHERWEIGHT,50.2,6,3,2,0.600,1.000,1.000,0.000,0.000,0
"Jake Matthews",WELTERWEIGHT,50.2,25,12,4,0.750,0.417,0.167,0.250,0.583,0
"Fares Ziam",LIGHTWEIGHT,50.1,11,8,3,0.727,0.250,0.250,0.000,0.750,0
"Andre Fili",FEATHERWEIGHT,50.1,27,11,12,0.478,0.273,0.273,0.000,0.727,0
"Marvin Vettori",MIDDLEWEIGHT,50.0,18,9,8,0.529,0.222,0.000,0.222,0.778,0
"Brendson Ribeiro",LIGHT_HEAVYWEIGHT,50.0,7,2,5,0.286,0.500,0.000,0.500,0.500,0
"Julian Erosa",FEATHERWEIGHT,50.0,18,8,8,0.500,0.750,0.250,0.500,0.250,0
"Hyder Amil",FEATHERWEIGHT,49.9,6,2,3,0.400,0.500,0.500,0.000,0.500,0
"Molly McCann",WOMENS_STRAWWEIGHT,49.7,14,5,6,0.455,0.600,0.400,0.200,0.400,0
"Michal Oleksiejczuk",MIDDLEWEIGHT,49.7,17,9,5,0.643,0.778,0.778,0.000,0.222,0
"Muslim Salikhov",WELTERWEIGHT,49.6,15,8,5,0.615,0.625,0.625,0.000,0.375,0
"Davey Grant",BANTAMWEIGHT,49.5,17,8,6,0.571,0.500,0.375,0.125,0.500,1
"Tai Tuivasa",HEAVYWEIGHT,49.5,19,8,8,0.500,0.875,0.875,0.000,0.125,1
"Marc-Andre Barriault",MIDDLEWEIGHT,49.4,17,6,7,0.462,0.667,0.500,0.167,0.333,0
"Jean Matsumoto",BANTAMWEIGHT,49.2,5,2,2,0.500,0.000,0.000,0.000,1.000,0
"Dustin Jacoby",LIGHT_HEAVYWEIGHT,49.1,17,9,4,0.692,0.667,0.667,0.000,0.333,0
"Santiago Luna",BANTAMWEIGHT,49.1,3,2,1,0.667,0.500,0.500,0.000,0.500,0
"Viviane Araujo",WOMENS_FLYWEIGHT,49.0,13,7,5,0.583,0.143,0.143,0.000,0.857,0
"Esteban Ribovics",LIGHTWEIGHT,49.0,7,3,3,0.500,0.333,0.333,0.000,0.667,0
"Rafa Garcia",LIGHTWEIGHT,48.7,11,7,4,0.636,0.286,0.143,0.143,0.714,0
"Jessica Andrade",WOMENS_FLYWEIGHT,48.7,30,10,9,0.526,0.600,0.500,0.100,0.400,0
"Alexander Hernandez",LIGHTWEIGHT,48.7,18,10,8,0.556,0.500,0.500,0.000,0.500,0
"Roman Kopylov",MIDDLEWEIGHT,48.6,13,7,5,0.583,0.714,0.714,0.000,0.286,0
"Austen Lane",LIGHT_HEAVYWEIGHT,48.4,7,1,5,0.167,0.000,0.000,0.000,1.000,0
"Said Nurmagomedov",BANTAMWEIGHT,48.4,11,7,4,0.636,0.714,0.286,0.429,0.286,0
"Jun Yong Park",MIDDLEWEIGHT,48.3,13,0,0,,,,,,0
"Melsik Baghdasaryan",FEATHERWEIGHT,48.3,6,3,2,0.600,0.333,0.333,0.000,0.667,0
"Matt Frevola",LIGHTWEIGHT,48.2,12,5,6,0.455,0.600,0.600,0.000,0.400,0
"Mateusz Rebecki",LIGHTWEIGHT,48.1,8,4,4,0.500,0.500,0.250,0.250,0.500,0
"Ateba Abega Gautier",MIDDLEWEIGHT,48.1,4,4,0,1.000,0.750,0.750,0.000,0.250,0
"Billy Elekana",LIGHT_HEAVYWEIGHT,48.0,5,3,1,0.750,0.667,0.000,0.667,0.333,0
"Asu Almabayev",FLYWEIGHT,47.9,5,4,1,0.800,0.250,0.000,0.250,0.750,0
"Joel Alvarez",WELTERWEIGHT,47.9,11,6,3,0.667,0.833,0.500,0.333,0.167,0
"Iwo Baraniewski",LIGHT_HEAVYWEIGHT,47.9,4,3,0,1.000,1.000,1.000,0.000,0.000,3
"Armen Petrosyan",MIDDLEWEIGHT,47.8,8,3,3,0.500,0.000,0.000,0.000,1.000,0
"Isaac Dulgarian",FEATHERWEIGHT,47.8,4,2,2,0.500,1.000,0.500,0.500,0.000,0
"Miranda Maverick",WOMENS_FLYWEIGHT,47.7,12,8,4,0.667,0.375,0.125,0.250,0.625,0
"Kyle Nelson",LIGHTWEIGHT,47.6,12,5,6,0.455,0.400,0.400,0.000,0.600,0
"Ronaldo Rodriguez",FLYWEIGHT,47.6,2,1,1,0.500,0.000,0.000,0.000,1.000,0
"Jose Miguel Delgado",FEATHERWEIGHT,47.6,3,2,1,0.667,0.500,0.500,0.000,0.500,0
"Malcolm Wellmaker",BANTAMWEIGHT,47.5,4,2,2,0.500,1.000,1.000,0.000,0.000,1
"Cody Garbrandt",BANTAMWEIGHT,47.5,17,8,7,0.533,0.500,0.500,0.000,0.500,0
"Christian Leroy Duncan",MIDDLEWEIGHT,47.4,9,7,2,0.778,0.714,0.714,0.000,0.286,0
"Jamie Mullarkey",LIGHTWEIGHT,47.4,13,6,6,0.500,0.333,0.333,0.000,0.667,0
"Donte Johnson",MIDDLEWEIGHT,47.3,3,2,0,1.000,0.500,0.000,0.500,0.500,0
"Nursulton Ruziboev",MIDDLEWEIGHT,47.3,5,4,1,0.800,0.750,0.750,0.000,0.250,0
"Ivan Erslan",LIGHT_HEAVYWEIGHT,46.7,4,1,2,0.333,0.000,0.000,0.000,1.000,0
"Ismael Bonfim",LIGHTWEIGHT,46.7,5,2,3,0.400,0.500,0.500,0.000,0.500,0
"Carlos Diego Ferreira",LIGHTWEIGHT,46.6,13,7,5,0.583,0.714,0.571,0.143,0.286,0
"Sean Woodson",FEATHERWEIGHT,46.5,10,5,2,0.714,0.400,0.400,0.000,0.600,0
"Charlie Radtke",WELTERWEIGHT,46.5,6,0,0,,,,,,0
"Dusko Todorovic",MIDDLEWEIGHT,46.4,11,4,5,0.444,1.000,0.750,0.250,0.000,0
"Grant Dawson",LIGHTWEIGHT,46.4,15,11,0,1.000,0.545,0.182,0.364,0.455,0
"Shamil Gaziev",HEAVYWEIGHT,46.4,6,2,3,0.400,0.500,0.500,0.000,0.500,0
"Seung Woo Choi",FEATHERWEIGHT,46.2,11,0,0,,,,,,0
"Kevin Borjas",FLYWEIGHT,46.2,6,2,3,0.400,0.000,0.000,0.000,1.000,0
"CJ Vergara",FLYWEIGHT,46.1,8,2,4,0.333,0.000,0.000,0.000,1.000,0
"Norma Dumont",WOMENS_BANTAMWEIGHT,46.1,12,9,3,0.750,0.000,0.000,0.000,1.000,0
"Brunno Ferreira",MIDDLEWEIGHT,46.0,9,6,2,0.750,0.833,0.500,0.333,0.167,0
"Karine Silva",WOMENS_FLYWEIGHT,45.9,8,3,3,0.500,0.667,0.000,0.667,0.333,0
"Gabriel Santos",FEATHERWEIGHT,45.8,4,1,2,0.333,1.000,0.000,1.000,0.000,0
"Su Mudaerji",FLYWEIGHT,45.8,8,0,0,,,,,,0
"Terrance McKinney",LIGHTWEIGHT,45.7,13,7,5,0.583,1.000,0.571,0.429,0.000,0
"Nazim Sadykhov",LIGHTWEIGHT,45.7,6,4,1,0.800,1.000,0.750,0.250,0.000,0
"Matt Schnell",FLYWEIGHT,45.6,18,6,9,0.400,0.333,0.000,0.333,0.667,0
"Cameron Rowston",MIDDLEWEIGHT,45.6,2,0,0,,,,,,0
"Mason Jones",LIGHTWEIGHT,45.5,7,4,2,0.667,0.250,0.250,0.000,0.750,1
"Sam Patterson",WELTERWEIGHT,45.3,6,4,1,0.800,1.000,0.500,0.500,0.000,0
"Serhiy Sidey",BANTAMWEIGHT,45.3,2,1,1,0.500,0.000,0.000,0.000,1.000,0
"Nikita Krylov",LIGHT_HEAVYWEIGHT,45.2,21,7,9,0.438,0.714,0.429,0.286,0.286,0
"Oumar Sy",LIGHT_HEAVYWEIGHT,45.2,5,3,2,0.600,0.667,0.333,0.333,0.333,0
"Abus Magomedov",MIDDLEWEIGHT,45.1,5,3,2,0.600,0.333,0.333,0.000,0.667,0
"Jalin Turner",LIGHTWEIGHT,45.0,14,6,6,0.500,1.000,0.500,0.500,0.000,0
"Patrick Sabatini",FEATHERWEIGHT,45.0,10,0,0,,,,,,0
"Gauge Young",LIGHTWEIGHT,44.9,3,2,1,0.667,0.000,0.000,0.000,1.000,0
"Tatiana Suarez",WOMENS_STRAWWEIGHT,44.8,10,6,1,0.857,0.667,0.167,0.500,0.333,0
"Harry Hardwick",FEATHERWEIGHT,44.7,2,0,2,0.000,,,,,1
"Park Hyun-sung",FLYWEIGHT,44.7,5,0,0,,,,,,0
"Axel Sola",LIGHTWEIGHT,44.7,2,1,1,0.500,1.000,1.000,0.000,0.000,1
"Joseph Morales",FLYWEIGHT,44.6,5,2,2,0.500,1.000,0.000,1.000,0.000,0
"Jai Herbert",LIGHTWEIGHT,44.5,10,4,5,0.444,0.500,0.500,0.000,0.500,0
"Junior Tafa",LIGHT_HEAVYWEIGHT,44.4,9,3,6,0.333,1.000,1.000,0.000,0.000,0
"Niko Price",WELTERWEIGHT,44.4,21,8,10,0.444,0.750,0.500,0.250,0.250,0
"Jeremiah Wells",WELTERWEIGHT,44.4,8,4,1,0.800,0.500,0.500,0.000,0.500,0
"Jared Gordon",LIGHTWEIGHT,44.2,17,8,7,0.533,0.375,0.375,0.000,0.625,0
"Michael Chiesa",WELTERWEIGHT,44.1,22,9,5,0.643,0.444,0.000,0.444,0.556,0
"Torrez Finney",MIDDLEWEIGHT,44.1,2,1,1,0.500,0.000,0.000,0.000,1.000,0
"Andre Muniz",MIDDLEWEIGHT,44.1,10,4,4,0.500,0.500,0.000,0.500,0.500,0
"Chidi Njokuani",WELTERWEIGHT,44.0,10,5,5,0.500,0.600,0.600,0.000,0.400,0
"Bo Nickal",MIDDLEWEIGHT,43.8,7,6,1,0.857,0.833,0.500,0.333,0.167,1
"Thiago Moises",LIGHTWEIGHT,43.7,16,7,8,0.467,0.571,0.143,0.429,0.429,0
"Imanol Rodriguez",FLYWEIGHT,43.7,2,1,0,1.000,1.000,1.000,0.000,0.000,0
"Yoo Joo-sang",FEATHERWEIGHT,43.6,2,0,0,,,,,,0
"Raoni Barcelos",BANTAMWEIGHT,43.5,15,11,3,0.786,0.364,0.182,0.182,0.636,0
"Steve Garcia",FEATHERWEIGHT,43.4,11,6,3,0.667,0.833,0.833,0.000,0.167,0
"Bruno Gustavo da Silva",FLYWEIGHT,43.4,6,3,2,0.600,1.000,1.000,0.000,0.000,0
"Joselyne Edwards",WOMENS_BANTAMWEIGHT,43.3,13,9,3,0.750,0.444,0.222,0.222,0.556,0
"Rhys McKee",LIGHTWEIGHT,43.1,6,1,5,0.167,1.000,1.000,0.000,0.000,0
"Cameron Smotherman",BANTAMWEIGHT,43.0,4,1,3,0.250,0.000,0.000,0.000,1.000,0
"Ricardo Ramos",FEATHERWEIGHT,43.0,14,5,7,0.417,0.400,0.200,0.200,0.600,0
"Nicolas Dalby",WELTERWEIGHT,42.8,16,7,3,0.700,0.143,0.143,0.000,0.857,0
"Julius Walker",LIGHT_HEAVYWEIGHT,42.8,3,0,2,0.000,,,,,0
"Manolo Zecchini",FEATHERWEIGHT,42.7,2,0,2,0.000,,,,,0
"Rodolfo Vieira",MIDDLEWEIGHT,42.6,12,5,5,0.500,0.800,0.000,0.800,0.200,0
"Chris Curtis",WELTERWEIGHT,42.5,13,5,5,0.500,0.400,0.400,0.000,0.600,0
"Kurt Holobaugh",FEATHERWEIGHT,42.4,10,2,7,0.222,0.500,0.000,0.500,0.500,0
"Tanner Boser",HEAVYWEIGHT,42.4,11,3,6,0.333,1.000,1.000,0.000,0.000,0
"Charlie Campbell",LIGHTWEIGHT,42.3,3,2,1,0.667,0.500,0.500,0.000,0.500,0
"Yaroslav Amosov",WELTERWEIGHT,42.2,2,2,0,1.000,1.000,0.000,1.000,0.000,2
"Rodolfo Bellato",LIGHT_HEAVYWEIGHT,42.1,6,2,1,0.667,1.000,1.000,0.000,0.000,0
"Douglas Silva de Andrade",FEATHERWEIGHT,42.1,14,5,6,0.455,0.400,0.200,0.200,0.600,0
"Robert Valentin",MIDDLEWEIGHT,42.1,4,1,3,0.250,1.000,0.000,1.000,0.000,0
"Jim Miller",LIGHTWEIGHT,42.0,47,21,12,0.636,0.810,0.190,0.619,0.190,2
"Darren Elkins",FEATHERWEIGHT,42.0,30,15,7,0.682,0.400,0.200,0.200,0.600,0
"Kelvin Gastelum",MIDDLEWEIGHT,41.9,26,10,10,0.500,0.400,0.300,0.100,0.600,0
"Robert Ruchala",FEATHERWEIGHT,41.9,2,0,2,0.000,,,,,0
"Mansur Abdul-Malik",MIDDLEWEIGHT,41.8,5,3,1,0.750,1.000,0.667,0.333,0.000,0
"Neil Magny",WELTERWEIGHT,41.7,37,15,11,0.577,0.400,0.267,0.133,0.600,0
"Michel Pereira",MIDDLEWEIGHT,41.6,15,8,5,0.615,0.500,0.250,0.250,0.500,0
"Danny Silva",FEATHERWEIGHT,41.6,4,2,1,0.667,0.500,0.500,0.000,0.500,0
"Edson Barboza",LIGHTWEIGHT,41.4,32,12,11,0.522,0.583,0.583,0.000,0.417,0
"Kyle Prepolec",LIGHTWEIGHT,41.4,4,0,4,0.000,,,,,0
"Jose Johnson",FLYWEIGHT,41.3,5,1,3,0.250,1.000,0.000,1.000,0.000,0
"Vicente Luque",MIDDLEWEIGHT,41.2,25,13,6,0.684,0.846,0.538,0.308,0.154,1
"Jose Daniel Medina",MIDDLEWEIGHT,40.9,4,0,4,0.000,,,,,0
"Edgar Chairez",FLYWEIGHT,40.8,7,3,2,0.600,0.667,0.000,0.667,0.333,0
"Marcus McGhee",BANTAMWEIGHT,40.6,7,5,1,0.833,0.600,0.400,0.200,0.400,0
"Felipe Bunes",FLYWEIGHT,40.6,5,1,3,0.250,1.000,0.000,1.000,0.000,0
"Sumudaerji",FLYWEIGHT,40.6,2,1,0,1.000,0.000,0.000,0.000,1.000,0
"Jordan Vucenic",LIGHTWEIGHT,40.5,2,0,2,0.000,,,,,0
"Lucas Almeida",FEATHERWEIGHT,40.5,6,1,3,0.250,1.000,1.000,0.000,0.000,0
"Kiefer Crosbie",WELTERWEIGHT,40.4,2,0,2,0.000,,,,,0
"Nikolay Veretennikov",WELTERWEIGHT,40.3,5,1,4,0.200,1.000,1.000,0.000,0.000,0
"Tuco Tokkos",LIGHT_HEAVYWEIGHT,40.3,4,1,3,0.250,1.000,0.000,1.000,0.000,0
"Chase Hooper",LIGHTWEIGHT,40.2,13,7,4,0.636,0.714,0.286,0.429,0.286,0
"Charles Johnson",FLYWEIGHT,40.0,14,7,6,0.538,0.429,0.429,0.000,0.571,0
"Khaos Williams",WELTERWEIGHT,39.9,11,7,4,0.636,0.714,0.714,0.000,0.286,0
"Ricky Turcios",FEATHERWEIGHT,39.9,8,2,3,0.400,0.000,0.000,0.000,1.000,0
"Kaan Ofli",FEATHERWEIGHT,39.8,4,1,2,0.333,1.000,0.000,1.000,0.000,0
"Victor Henry",BANTAMWEIGHT,39.7,8,4,2,0.667,0.250,0.250,0.000,0.750,0
"Dennis Buzukja",FEATHERWEIGHT,39.6,5,1,3,0.250,1.000,1.000,0.000,0.000,0
"Alex Morono",WELTERWEIGHT,39.6,24,13,7,0.650,0.308,0.077,0.231,0.692,0
"Lupita Godinez",WOMENS_STRAWWEIGHT,39.3,14,0,0,,,,,,0
"Sean Sharaf",HEAVYWEIGHT,39.2,3,0,2,0.000,,,,,0
"Carlos Leal",WELTERWEIGHT,39.1,4,2,2,0.500,0.500,0.500,0.000,0.500,0
"Claudio Puelles",LIGHTWEIGHT,39.1,8,4,3,0.571,0.750,0.000,0.750,0.250,0
"Miesha Tate",WOMENS_BANTAMWEIGHT,39.0,14,4,5,0.444,0.750,0.250,0.500,0.250,0
"Chris Padilla",LIGHTWEIGHT,39.0,5,3,0,1.000,0.667,0.333,0.333,0.333,0
"Andre Lima",FLYWEIGHT,38.9,6,4,1,0.800,0.250,0.000,0.333,0.667,0
"Nathaniel Wood",FEATHERWEIGHT,38.9,14,11,3,0.786,0.273,0.000,0.273,0.727,0
"Jose Souza",WELTERWEIGHT,38.7,2,1,0,1.000,0.000,0.000,0.000,1.000,0
"Gabriel Green",LIGHTWEIGHT,38.7,6,0,0,,,,,,0
"Yousri Belgaroui",MIDDLEWEIGHT,38.7,2,2,0,1.000,1.000,1.000,0.000,0.000,1
"Macy Chiasson",WOMENS_BANTAMWEIGHT,38.7,14,8,5,0.615,0.625,0.375,0.250,0.375,0
"Dylan Budka",MIDDLEWEIGHT,38.6,3,0,3,0.000,,,,,0
"Alex Perez",FLYWEIGHT,38.5,17,8,6,0.571,0.750,0.500,0.250,0.250,0
"Jacobe Smith",WELTERWEIGHT,38.5,3,3,0,1.000,1.000,0.667,0.333,0.000,0
"Ange Loosa",WELTERWEIGHT,38.5,6,2,2,0.500,0.000,0.000,0.000,1.000,0
"Lee Chang-ho",BANTAMWEIGHT,38.4,3,0,0,,,,,,0
"Diana Belbita",WOMENS_FLYWEIGHT,38.4,8,2,5,0.286,0.000,0.000,0.000,1.000,0
"Vitor Petrino",HEAVYWEIGHT,38.3,9,6,2,0.750,0.500,0.167,0.333,0.500,0
"Danny Barlow",WELTERWEIGHT,38.2,4,2,1,0.667,0.500,0.500,0.000,0.500,0
"Cameron Saaiman",BANTAMWEIGHT,38.1,6,2,3,0.400,1.000,1.000,0.000,0.000,0
"Marcus Buchecha",HEAVYWEIGHT,38.1,3,0,2,0.000,,,,,0
"Bogdan Grad",FEATHERWEIGHT,38.1,3,1,2,0.333,1.000,1.000,0.000,0.000,0
"Rafael Estevam",BANTAMWEIGHT,37.9,4,3,1,0.750,0.000,0.000,0.000,1.000,0
"Jhonata Diniz",HEAVYWEIGHT,37.8,6,3,2,0.600,0.333,0.333,0.000,0.667,0
"Xiao Long",BANTAMWEIGHT,37.8,4,1,1,0.500,1.000,1.000,0.000,0.000,0
"Cody Brundage",MIDDLEWEIGHT,37.6,16,6,7,0.462,0.833,0.800,0.200,0.000,0
"Brando Pericic",HEAVYWEIGHT,37.6,3,3,0,1.000,1.000,1.000,0.000,0.000,0
"William Gomis",FEATHERWEIGHT,37.5,7,5,2,0.714,0.200,0.200,0.000,0.800,0
"Louie Sutherland",HEAVYWEIGHT,37.5,3,1,2,0.333,0.000,0.000,0.000,1.000,0
"Marcin Tybura",HEAVYWEIGHT,37.3,25,11,8,0.579,0.455,0.364,0.091,0.545,0
"Zach Reese",MIDDLEWEIGHT,37.1,6,3,3,0.500,0.667,0.333,0.333,0.333,0
"Andrey Pulyaev",MIDDLEWEIGHT,37.1,3,1,2,0.333,1.000,1.000,0.000,0.000,0
"Yana Kunitskaya",WOMENS_BANTAMWEIGHT,37.0,12,0,0,,,,,,0
"Adrian Yanez",BANTAMWEIGHT,37.0,10,6,3,0.667,0.833,0.833,0.000,0.167,0
"Ryan Spann",HEAVYWEIGHT,37.0,17,10,6,0.625,0.800,0.400,0.400,0.200,0
"Robert Bryczek",MIDDLEWEIGHT,36.9,3,1,2,0.333,1.000,1.000,0.000,0.000,0
"Mario Pinto",HEAVYWEIGHT,36.8,4,3,0,1.000,0.667,0.667,0.000,0.333,0
"Oban Elliott",WELTERWEIGHT,36.8,5,0,0,,,,,,0
"Kevin Jousset",WELTERWEIGHT,36.6,3,1,2,0.333,0.000,0.000,0.000,1.000,0
"Ethyn Ewing",BANTAMWEIGHT,36.4,3,2,0,1.000,0.500,0.500,0.000,0.500,1
"Ihor Potieria",MIDDLEWEIGHT,36.4,9,2,6,0.250,0.500,0.500,0.000,0.500,0
"Kevin Christian",LIGHT_HEAVYWEIGHT,36.4,2,0,2,0.000,,,,,0
"Austin Bashi",BANTAMWEIGHT,36.3,3,1,1,0.500,1.000,0.000,1.000,0.000,0
"Marco Tulio",MIDDLEWEIGHT,36.2,5,2,2,0.500,1.000,1.000,0.000,0.000,0
"Da'Mon Blackshear",BANTAMWEIGHT,36.1,10,3,4,0.429,1.000,0.000,1.000,0.000,0
"Gerald Meerschaert",MIDDLEWEIGHT,36.0,26,10,12,0.455,1.000,0.000,1.000,0.000,0
"Mairon Santos",LIGHTWEIGHT,36.0,4,4,0,1.000,0.500,0.500,0.000,0.500,0
"Valter Walker",HEAVYWEIGHT,36.0,6,4,1,0.800,1.000,0.000,1.000,0.000,0
"Cristian Quinonez",BANTAMWEIGHT,35.9,4,2,2,0.500,0.500,0.500,0.000,0.500,0
"Bruno Lopes",LIGHT_HEAVYWEIGHT,35.9,4,1,2,0.333,0.000,0.000,0.000,1.000,0
"Jimmy Flick",FLYWEIGHT,35.8,6,2,3,0.400,1.000,0.000,1.000,0.000,0
"Carlos Vera",BANTAMWEIGHT,35.8,2,1,1,0.500,1.000,0.000,1.000,0.000,0
"Toshiomi Kazama",BANTAMWEIGHT,35.7,4,1,3,0.250,1.000,0.000,1.000,0.000,0
"Bolaji Oki",LIGHTWEIGHT,35.7,5,1,3,0.250,0.000,0.000,0.000,1.000,0
"Jamall Emmers",FEATHERWEIGHT,35.6,9,4,3,0.571,0.500,0.500,0.000,0.500,0
"Joanderson Brito",FEATHERWEIGHT,35.5,10,7,2,0.778,0.857,0.429,0.429,0.143,0
"Francisco Prado",WELTERWEIGHT,35.5,6,1,4,0.200,1.000,1.000,0.000,0.000,0
"Themba Gorimbo",WELTERWEIGHT,35.3,8,4,3,0.571,0.250,0.250,0.000,0.750,0
"Marina Rodriguez",WOMENS_STRAWWEIGHT,35.1,15,6,6,0.500,0.333,0.333,0.000,0.667,0
"Brogan Walker-Sanchez",WOMENS_FLYWEIGHT,35.1,3,0,2,0.000,,,,,0
"Nora Cornolle",WOMENS_BANTAMWEIGHT,35.0,4,1,3,0.250,1.000,0.000,1.000,0.000,0
"Daniel Marcos",BANTAMWEIGHT,35.0,7,5,1,0.833,0.400,0.200,0.200,0.600,0
"Nyamjargal Tumendemberel",FLYWEIGHT,35.0,2,1,1,0.500,0.000,0.000,0.000,1.000,0
"Ailin Perez",WOMENS_BANTAMWEIGHT,35.0,7,5,1,0.833,0.000,0.000,0.000,1.000,0
"Lone'er Kavanagh",FLYWEIGHT,34.9,3,2,1,0.667,0.000,0.000,0.000,1.000,0
"Andre Petroski",MIDDLEWEIGHT,34.9,13,8,4,0.667,0.375,0.125,0.250,0.625,0
"Preston Parsons",WELTERWEIGHT,34.8,6,2,3,0.400,0.000,0.000,0.000,1.000,0
"Kennedy Nzechukwu",HEAVYWEIGHT,34.8,15,7,5,0.583,0.857,0.714,0.143,0.143,0
"Allan Nascimento",FLYWEIGHT,34.7,7,4,2,0.667,0.500,0.000,0.500,0.500,0
"Timothy Cuamba",LIGHTWEIGHT,34.7,4,0,0,,,,,,0
"Steven Asplund",HEAVYWEIGHT,34.6,2,1,1,0.500,1.000,1.000,0.000,0.000,0
"Alessandro Costa",FLYWEIGHT,34.6,7,4,3,0.571,1.000,1.000,0.000,0.000,0
"Rong Zhu",LIGHTWEIGHT,34.6,6,0,0,,,,,,0
"Chris Gutierrez",BANTAMWEIGHT,34.5,15,8,4,0.667,0.375,0.375,0.000,0.625,0
"Rei Tsuruya",BANTAMWEIGHT,34.5,4,2,1,0.667,0.500,0.000,0.500,0.500,1
"Raffael Cerqueira",LIGHT_HEAVYWEIGHT,34.5,3,0,0,,,,,,0
"Connor Matthews",FEATHERWEIGHT,34.5,3,0,3,0.000,,,,,0
"Tommy Gantt",LIGHTWEIGHT,34.5,2,1,0,1.000,1.000,1.000,0.000,0.000,0
"Quang Le",BANTAMWEIGHT,34.3,4,1,3,0.250,1.000,0.000,1.000,0.000,0
"Drakkar Klose",LIGHTWEIGHT,34.2,13,9,3,0.750,0.222,0.222,0.000,0.778,0
"Angel Pacheco",BANTAMWEIGHT,34.2,2,0,2,0.000,,,,,0
"Marcio Barbosa",FEATHERWEIGHT,34.2,2,1,0,1.000,1.000,1.000,0.000,0.000,0
"Vince Morales",BANTAMWEIGHT,34.1,12,3,9,0.250,0.333,0.333,0.000,0.667,0
"Bruno Silva",FLYWEIGHT,34.0,16,5,9,0.357,1.000,0.800,0.200,0.000,0
"Ramiz Brahimaj",WELTERWEIGHT,33.7,9,4,4,0.500,1.000,0.250,0.750,0.000,0
"Punahele Soriano",WELTERWEIGHT,33.7,12,7,4,0.636,0.571,0.571,0.000,0.429,0
"Trey Ogden",LIGHTWEIGHT,33.4,9,3,3,0.500,0.000,0.000,0.000,1.000,0
"Chris Barnett",HEAVYWEIGHT,33.4,6,2,4,0.333,1.000,1.000,0.000,0.000,0
"Bia Mesquita",WOMENS_BANTAMWEIGHT,33.3,2,2,0,1.000,1.000,0.000,1.000,0.000,0
"Farid Basharat",BANTAMWEIGHT,33.3,7,6,0,1.000,0.167,0.000,0.167,0.833,0
"Marcin Prachnio",LIGHT_HEAVYWEIGHT,33.1,11,3,6,0.333,0.000,0.000,0.000,1.000,0
"Jacob Malkoun",MIDDLEWEIGHT,33.0,9,6,3,0.667,0.167,0.167,0.000,0.833,0
"Cody Durden",BANTAMWEIGHT,33.0,16,4,6,0.400,0.500,0.250,0.250,0.500,0
"Tagir Ulanbekov",FLYWEIGHT,32.9,8,5,2,0.714,0.200,0.000,0.200,0.800,0
"Jesus Aguilar",BANTAMWEIGHT,32.9,2,0,1,0.000,,,,,0
"Zachary Reese",MIDDLEWEIGHT,32.8,2,0,0,,,,,,0
"Nikolas Motta",LIGHTWEIGHT,32.8,7,3,3,0.500,0.667,0.667,0.000,0.333,0
"Eryk Anders",MIDDLEWEIGHT,32.8,20,9,8,0.529,0.444,0.444,0.000,0.556,0
"Matheus Camilo",LIGHTWEIGHT,32.6,2,1,0,1.000,0.000,0.000,0.000,1.000,0
"Ryan Loder",MIDDLEWEIGHT,32.5,3,1,2,0.333,1.000,1.000,0.000,0.000,0
"Luana Pinheiro",WOMENS_STRAWWEIGHT,32.4,7,3,3,0.500,0.000,0.000,0.000,1.000,0
"Jakub Wiklacz",BANTAMWEIGHT,32.4,3,2,0,1.000,0.500,0.000,0.500,0.500,0
"Felipe dos Santos",FLYWEIGHT,32.4,4,1,3,0.250,0.000,0.000,0.000,1.000,0
"Gilbert Urbina",MIDDLEWEIGHT,32.4,4,1,2,0.333,1.000,1.000,0.000,0.000,0
"Elijah Smith",BANTAMWEIGHT,32.4,3,3,0,1.000,0.667,0.333,0.333,0.333,0
"Court McGee",WELTERWEIGHT,32.3,24,7,9,0.438,0.286,0.000,0.286,0.714,0
"Jafel Filho",FLYWEIGHT,32.3,7,3,2,0.600,1.000,0.000,1.000,0.000,0
"Sedriques Dumas",MIDDLEWEIGHT,32.3,9,3,5,0.375,0.000,0.000,0.000,1.000,0
"Michael Aswell",FEATHERWEIGHT,32.2,3,1,2,0.333,1.000,1.000,0.000,0.000,0
"Karolina Kowalkiewicz",WOMENS_STRAWWEIGHT,32.2,19,7,10,0.412,0.143,0.000,0.143,0.857,0
"Ketlen Vieira",WOMENS_BANTAMWEIGHT,32.1,15,9,4,0.692,0.111,0.000,0.111,0.889,0
"Karol Rosa",WOMENS_BANTAMWEIGHT,32.1,13,7,5,0.583,0.000,0.000,0.000,1.000,0
"Angela Hill",WOMENS_STRAWWEIGHT,32.1,30,12,13,0.480,0.250,0.167,0.083,0.750,1
"Lando Vannata",LIGHTWEIGHT,32.0,14,3,6,0.333,0.333,0.333,0.000,0.667,0
"Mike Davis",LIGHTWEIGHT,31.9,7,5,2,0.714,0.600,0.400,0.200,0.400,0
"Gabriella Fernandes",WOMENS_FLYWEIGHT,31.8,6,3,3,0.500,0.333,0.000,0.333,0.667,0
"Yanal Ashmoz",LIGHTWEIGHT,31.3,4,0,0,,,,,,0
"Viacheslav Borshchev",LIGHTWEIGHT,31.2,10,3,6,0.333,0.667,0.667,0.000,0.333,0
"Mitch Raposo",FLYWEIGHT,31.2,5,2,1,0.667,0.000,0.000,0.000,1.000,0
"Kyle Daukaus",MIDDLEWEIGHT,31.2,10,4,5,0.444,0.750,0.250,0.500,0.250,1
"Vinc Pichel",LIGHTWEIGHT,31.2,12,6,4,0.600,0.167,0.167,0.000,0.833,0
"Alibi Idiris",FLYWEIGHT,31.1,2,1,1,0.500,0.000,0.000,0.000,1.000,0
"Jose Ochoa",FLYWEIGHT,31.1,4,2,2,0.500,0.500,0.500,0.000,0.500,0
"Nick Klein",MIDDLEWEIGHT,31.0,2,0,2,0.000,,,,,0
"Daniil Donchenko",WELTERWEIGHT,31.0,2,2,0,1.000,0.500,0.500,0.000,0.500,0
"Yi Zha",FEATHERWEIGHT,30.9,4,0,0,,,,,,0
"Kris Moutinho",BANTAMWEIGHT,30.8,4,0,4,0.000,,,,,0
"Muhammad Naimov",FEATHERWEIGHT,30.8,7,4,2,0.667,0.250,0.250,0.000,0.750,0
"Lee Jeong-yeong",FEATHERWEIGHT,30.7,4,0,0,,,,,,0
"Cong Wang",WOMENS_STRAWWEIGHT,30.7,5,4,1,0.800,0.250,0.250,0.000,0.750,0
"Aleksandre Topuria",BANTAMWEIGHT,30.6,2,2,0,1.000,0.000,0.000,0.000,1.000,0
"Brad Tavares",MIDDLEWEIGHT,30.5,28,10,8,0.556,0.200,0.200,0.000,0.800,0
"AJ Cunningham",LIGHTWEIGHT,30.4,2,0,1,0.000,,,,,0
"Melissa Mullins",WOMENS_BANTAMWEIGHT,30.4,5,1,1,0.500,1.000,1.000,0.000,0.000,0
"Josias Musasa",BANTAMWEIGHT,30.3,2,0,2,0.000,,,,,0
"Damir Hadzovic",LIGHTWEIGHT,30.3,10,4,5,0.444,0.500,0.500,0.000,0.500,0
"Ibo Aslan",LIGHT_HEAVYWEIGHT,30.3,5,1,3,0.250,1.000,1.000,0.000,0.000,0
"Julija Stoliarenko",WOMENS_FLYWEIGHT,30.3,9,2,6,0.250,1.000,0.000,1.000,0.000,0
"Thomas Peterson",HEAVYWEIGHT,30.1,5,0,0,,,,,,0
"Alden Coria",FLYWEIGHT,30.1,2,2,0,1.000,0.500,0.500,0.000,0.500,0
"Miles Johns",BANTAMWEIGHT,30.0,12,6,5,0.545,0.333,0.333,0.000,0.667,0
"Austin Hubbard",LIGHTWEIGHT,29.9,12,4,7,0.364,0.250,0.250,0.000,0.750,0
"Diyar Nurgozhay",LIGHT_HEAVYWEIGHT,29.8,3,1,2,0.333,0.000,0.000,0.000,1.000,0
"Hayisaer Maheshate",LIGHTWEIGHT,29.6,6,2,4,0.333,0.500,0.500,0.000,0.500,0
"Eric McConico",MIDDLEWEIGHT,29.6,4,2,2,0.500,0.000,0.000,0.000,1.000,0
"Jesus Santos-Aguilar",BANTAMWEIGHT,29.6,6,4,2,0.667,0.500,0.250,0.250,0.500,0
"Mayra Bueno Silva",WOMENS_BANTAMWEIGHT,29.6,14,5,7,0.417,0.800,0.000,0.800,0.200,0
"Colby Thicknesse",BANTAMWEIGHT,29.4,3,2,1,0.667,0.000,0.000,0.000,1.000,0
"Trey Waters",WELTERWEIGHT,29.4,3,2,1,0.667,0.000,0.000,0.000,1.000,0
"Adam Fugitt",WELTERWEIGHT,29.4,6,2,3,0.400,0.500,0.500,0.000,0.500,0
"Evan Elder",LIGHTWEIGHT,29.3,5,3,2,0.600,0.333,0.000,0.333,0.667,0
"Mick Parkin",HEAVYWEIGHT,29.3,6,4,1,0.800,0.250,0.250,0.000,0.750,0
"Bekzat Almakhan",BANTAMWEIGHT,29.2,3,1,2,0.333,1.000,1.000,0.000,0.000,0
"Cody Haddon",BANTAMWEIGHT,29.2,2,1,0,1.000,1.000,1.000,0.000,0.000,0
"Guilherme Pat",HEAVYWEIGHT,29.2,2,1,1,0.500,0.000,0.000,0.000,1.000,0
"Bernardo Sopaj",FEATHERWEIGHT,29.1,2,0,0,,,,,,0
"Gaston Bolanos",FEATHERWEIGHT,29.0,7,3,2,0.600,0.000,0.000,0.000,1.000,0
"Ricky Simon",BANTAMWEIGHT,29.0,18,10,6,0.625,0.500,0.200,0.300,0.500,0
"Javid Basharat",BANTAMWEIGHT,29.0,6,3,2,0.600,0.000,0.000,0.000,1.000,0
"Istela Nunes",WOMENS_STRAWWEIGHT,28.9,5,0,5,0.000,,,,,0
"You Su-young",BANTAMWEIGHT,28.8,3,0,0,,,,,,0
"Elise Reed",WOMENS_STRAWWEIGHT,28.8,8,3,3,0.500,0.000,0.000,0.000,1.000,0
"Anshul Jubli",LIGHTWEIGHT,28.8,3,1,2,0.333,1.000,1.000,0.000,0.000,0
"Rolando Bedoya",LIGHTWEIGHT,28.5,4,0,4,0.000,,,,,0
"Daria Zheleznyakova",WOMENS_BANTAMWEIGHT,28.4,2,0,0,,,,,,0
"Darrius Flowers",LIGHTWEIGHT,28.3,4,1,3,0.250,1.000,1.000,0.000,0.000,0
"Denise Gomes",WOMENS_STRAWWEIGHT,28.2,8,5,2,0.714,0.600,0.600,0.000,0.400,0
"Lucas Rocha",FLYWEIGHT,28.1,3,1,1,0.500,0.000,0.000,0.000,1.000,0
"Luis Gurule",BANTAMWEIGHT,28.1,5,1,4,0.200,0.000,0.000,0.000,1.000,0
"Antonio Trocoli",MIDDLEWEIGHT,28.0,4,0,3,0.000,,,,,0
"Kaue Fernandes",FEATHERWEIGHT,27.8,4,3,1,0.750,0.667,0.667,0.000,0.333,0
"Charles Radtke",WELTERWEIGHT,27.7,2,1,0,1.000,0.000,0.000,0.000,1.000,0
"Jacqueline Cavalcanti",WOMENS_BANTAMWEIGHT,27.7,6,5,1,0.833,0.000,0.000,0.000,1.000,0
"Caolan Loughran",BANTAMWEIGHT,27.6,4,2,2,0.500,0.000,0.000,0.000,1.000,0
"Brad Katona",BANTAMWEIGHT,27.5,9,4,5,0.444,0.000,0.000,0.000,1.000,0
"Andreas Gustafsson",WELTERWEIGHT,27.5,2,1,1,0.500,0.000,0.000,0.000,1.000,0
"Qileng Aori",BANTAMWEIGHT,27.4,9,0,0,,,,,,0
"Stewart Nicoll",FLYWEIGHT,27.3,3,0,3,0.000,,,,,0
"Bruna Brasil",WOMENS_STRAWWEIGHT,27.3,7,2,5,0.286,0.000,0.000,0.000,1.000,0
"John Yannis",BANTAMWEIGHT,27.1,3,1,2,0.333,1.000,1.000,0.000,0.000,0
"Michelle Montague",WOMENS_BANTAMWEIGHT,27.0,2,2,0,1.000,0.000,0.000,0.000,1.000,0
"Jackson McVey",MIDDLEWEIGHT,27.0,3,1,2,0.333,1.000,0.000,1.000,0.000,0
"Jonathan Micallef",WELTERWEIGHT,27.0,3,2,0,1.000,0.000,0.000,0.000,1.000,0
"Ernesta Kareckaite",WOMENS_FLYWEIGHT,26.9,5,1,2,0.333,0.000,0.000,0.000,1.000,0
"Ko Seok-hyun",WELTERWEIGHT,26.8,2,0,0,,,,,,0
"Ismail Naurdiev",MIDDLEWEIGHT,26.8,7,4,2,0.667,0.250,0.250,0.000,0.750,0
"Pedro Falcao",BANTAMWEIGHT,26.6,2,0,2,0.000,,,,,0
"Joe Solecki",LIGHTWEIGHT,26.5,9,5,4,0.556,0.400,0.000,0.400,0.600,0
"Saimon Oliveira",BANTAMWEIGHT,26.3,4,0,4,0.000,,,,,0
"Tresean Gore",MIDDLEWEIGHT,26.2,7,2,4,0.333,1.000,0.000,1.000,0.000,0
"Melissa Croden",WOMENS_BANTAMWEIGHT,26.1,3,2,1,0.667,0.500,0.500,0.000,0.500,0
"Ramazan Temirov",FLYWEIGHT,26.0,2,2,0,1.000,0.500,0.500,0.000,0.500,0
"Max Griffin",WELTERWEIGHT,26.0,19,5,10,0.333,0.400,0.400,0.000,0.600,0
"Chelsea Chandler",WOMENS_BANTAMWEIGHT,26.0,6,3,2,0.600,0.667,0.333,0.333,0.333,0
"Tainara Lisboa",WOMENS_BANTAMWEIGHT,25.8,4,2,2,0.500,0.500,0.000,0.500,0.500,0
"Azat Maksum",FLYWEIGHT,25.6,4,1,3,0.250,0.000,0.000,0.000,1.000,0
"Clayton Carpenter",FLYWEIGHT,25.6,5,2,3,0.400,1.000,0.000,1.000,0.000,0
"Westin Wilson",FEATHERWEIGHT,25.4,4,1,2,0.333,1.000,0.000,1.000,0.000,0
"John Castaneda",BANTAMWEIGHT,25.4,10,3,4,0.429,0.667,0.333,0.333,0.333,0
"Stephanie Luciano",WOMENS_STRAWWEIGHT,25.4,4,2,1,0.667,0.500,0.000,0.500,0.500,0
"Ramon Taveras",FEATHERWEIGHT,25.2,3,1,1,0.500,0.000,0.000,0.000,1.000,0
"Polyana Viana",WOMENS_STRAWWEIGHT,25.2,12,4,7,0.364,1.000,0.250,0.750,0.000,0
"Lucas Alexander",FEATHERWEIGHT,25.0,4,1,3,0.250,0.000,0.000,0.000,1.000,0
"Kai Kamaka III",LIGHTWEIGHT,24.9,5,2,2,0.500,0.000,0.000,0.000,1.000,0
"Austin Vanderford",WELTERWEIGHT,24.7,2,1,1,0.500,1.000,1.000,0.000,0.000,0
"Dione Barbosa",WOMENS_FLYWEIGHT,24.6,5,3,2,0.600,0.333,0.000,0.333,0.667,0
"Lukasz Brzeski",HEAVYWEIGHT,24.6,7,1,5,0.167,0.000,0.000,0.000,1.000,0
"Baisangur Susurkaev",MIDDLEWEIGHT,24.5,2,2,0,1.000,1.000,0.500,0.500,0.000,1
"Melissa Gatto",WOMENS_FLYWEIGHT,24.3,5,1,2,0.333,1.000,1.000,0.000,0.000,0
"Julia Avila",WOMENS_BANTAMWEIGHT,24.3,6,3,3,0.500,0.667,0.333,0.333,0.333,0
"Alexia Thainara",WOMENS_STRAWWEIGHT,24.2,3,3,0,1.000,0.333,0.000,0.333,0.667,0
"Muin Gafurov",BANTAMWEIGHT,24.2,4,2,2,0.500,0.000,0.000,0.000,1.000,0
"Andrea Lee",WOMENS_FLYWEIGHT,24.1,14,4,8,0.333,0.500,0.250,0.250,0.500,0
"Luana Santos",WOMENS_BANTAMWEIGHT,24.1,7,6,0,1.000,0.500,0.167,0.333,0.500,0
"Carlos Hernandez",FLYWEIGHT,23.9,7,3,3,0.500,0.000,0.000,0.000,1.000,0
"Ravena Oliveira",WOMENS_STRAWWEIGHT,23.8,3,0,3,0.000,,,,,0
"Azamat Bekoev",MIDDLEWEIGHT,23.6,4,2,2,0.500,1.000,1.000,0.000,0.000,0
"Fatima Kline",WOMENS_STRAWWEIGHT,23.3,5,2,1,0.667,0.500,0.500,0.000,0.500,0
"JJ Aldrich",WOMENS_FLYWEIGHT,23.3,17,11,4,0.733,0.091,0.091,0.000,0.909,0
"Steven Nguyen",FEATHERWEIGHT,23.3,2,1,1,0.500,1.000,1.000,0.000,0.000,0
"Josiane Nunes",WOMENS_BANTAMWEIGHT,23.2,6,3,3,0.500,0.333,0.333,0.000,0.667,0
"Mizuki Inoue",WOMENS_STRAWWEIGHT,23.2,4,3,1,0.750,0.000,0.000,0.000,1.000,0
"Priscila Cachoeira",WOMENS_BANTAMWEIGHT,23.2,14,4,9,0.308,0.750,0.750,0.000,0.250,0
"Alice Pereira",WOMENS_BANTAMWEIGHT,23.1,2,1,0,1.000,1.000,1.000,0.000,0.000,0
"Montserrat Ruiz",WOMENS_STRAWWEIGHT,23.1,5,0,4,0.000,,,,,0
"Philip Rowe",WELTERWEIGHT,23.1,8,0,0,,,,,,0
"Jordan Leavitt",FEATHERWEIGHT,22.7,10,6,3,0.667,0.667,0.333,0.333,0.333,0
"Don'tale Mayes",HEAVYWEIGHT,22.6,12,3,6,0.333,0.333,0.333,0.000,0.667,0
"Denzel Freeman",HEAVYWEIGHT,22.4,2,0,1,0.000,,,,,0
"Francis Marshall",LIGHTWEIGHT,22.3,7,4,3,0.571,0.500,0.250,0.250,0.500,0
"Tecia Torres",WOMENS_STRAWWEIGHT,22.3,19,0,0,,,,,,0
"Rinat Fakhretdinov",WELTERWEIGHT,22.0,7,6,0,1.000,0.333,0.167,0.167,0.667,0
"Magomed Gadzhiyasulov",LIGHT_HEAVYWEIGHT,22.0,3,1,1,0.500,0.000,0.000,0.000,1.000,0
"Hailey Cowan",WOMENS_BANTAMWEIGHT,21.9,3,0,3,0.000,,,,,0
"Kody Steele",LIGHTWEIGHT,21.7,2,1,0,1.000,1.000,0.000,1.000,0.000,0
"Alice Ardelean",WOMENS_STRAWWEIGHT,21.6,5,3,2,0.600,0.333,0.000,0.333,0.667,0
"Jamey-Lyn Horth",WOMENS_FLYWEIGHT,21.6,6,3,2,0.600,0.333,0.333,0.000,0.667,0
"Daniel Barez",FLYWEIGHT,21.4,4,1,3,0.250,0.000,0.000,0.000,1.000,0
"Guram Kutateladze",LIGHTWEIGHT,21.3,5,2,2,0.500,0.000,0.000,0.000,1.000,0
"Dom Mar Fan",LIGHTWEIGHT,21.3,2,1,1,0.500,0.000,0.000,0.000,1.000,0
"Zhu Kangjie",FEATHERWEIGHT,21.0,3,0,1,0.000,,,,,0
"Puja Tomar",WOMENS_STRAWWEIGHT,21.0,2,1,1,0.500,0.000,0.000,0.000,1.000,0
"Ketlen Souza",WOMENS_STRAWWEIGHT,20.9,6,4,2,0.667,0.500,0.250,0.250,0.500,0
"Wes Schultz",MIDDLEWEIGHT,20.5,2,1,1,0.500,1.000,0.000,1.000,0.000,0
"Montserrat Rendon",WOMENS_BANTAMWEIGHT,20.3,3,0,0,,,,,,0
"Mitch Ramirez",LIGHTWEIGHT,20.3,2,0,2,0.000,,,,,0
"Abdul-Kareem Al-Selwady",LIGHTWEIGHT,20.2,2,1,1,0.500,0.000,0.000,0.000,1.000,0
"Martin Buday",HEAVYWEIGHT,19.9,8,7,1,0.875,0.143,0.000,0.143,0.857,0
"Julia Polastri",WOMENS_STRAWWEIGHT,19.8,5,2,2,0.500,0.500,0.500,0.000,0.500,0
"Luana Carolina",WOMENS_BANTAMWEIGHT,19.6,11,5,2,0.714,0.200,0.200,0.000,0.800,0
"Erik Silva",FEATHERWEIGHT,19.6,3,0,3,0.000,,,,,0
"Victoria Dudakova",WOMENS_STRAWWEIGHT,19.3,4,0,0,,,,,,0
"Veronica Macedo",WOMENS_FLYWEIGHT,19.3,10,0,0,,,,,,0
"Nicolle Caliari",WOMENS_STRAWWEIGHT,19.2,4,1,2,0.333,1.000,0.000,1.000,0.000,0
"Melissa Martinez",WOMENS_STRAWWEIGHT,19.2,3,1,2,0.333,0.000,0.000,0.000,1.000,0
"Jamal Pogues",HEAVYWEIGHT,19.1,4,1,2,0.333,0.000,0.000,0.000,1.000,0
"Tereza Bleda",WOMENS_FLYWEIGHT,18.7,3,1,2,0.333,0.000,0.000,0.000,1.000,0
"Klaudia Sygula",WOMENS_BANTAMWEIGHT,18.7,3,2,1,0.667,0.000,0.000,0.000,1.000,0
"Luan Lacerda",BANTAMWEIGHT,18.6,4,1,2,0.333,1.000,0.000,1.000,0.000,0
"Jaqueline Amorim",WOMENS_STRAWWEIGHT,18.6,7,5,2,0.714,1.000,0.200,0.800,0.000,0
"Loma Lookboonmee",WOMENS_STRAWWEIGHT,18.4,11,7,3,0.700,0.143,0.000,0.143,0.857,0
"Sam Hughes",WOMENS_STRAWWEIGHT,18.2,12,5,4,0.556,0.400,0.200,0.200,0.600,0
"Ivana Petrovic",BANTAMWEIGHT,18.0,3,1,2,0.333,1.000,0.000,1.000,0.000,0
"Yuneisy Duben",WOMENS_FLYWEIGHT,17.9,2,0,2,0.000,,,,,0
"Uran Satybaldiev",LIGHT_HEAVYWEIGHT,17.7,2,1,1,0.500,1.000,0.000,1.000,0.000,0
"Vanessa Demopoulos",WOMENS_FLYWEIGHT,17.6,10,5,5,0.500,0.200,0.000,0.200,0.800,0
"Ariane Carnelossi",WOMENS_STRAWWEIGHT,17.6,7,3,3,0.500,0.667,0.500,0.500,0.000,0
"Shauna Bannon",WOMENS_STRAWWEIGHT,17.5,5,2,3,0.400,0.500,0.000,0.500,0.500,0
"Carli Judice",WOMENS_FLYWEIGHT,17.2,4,3,1,0.750,0.667,0.667,0.000,0.333,0
"Piera Rodriguez",WOMENS_STRAWWEIGHT,16.0,7,5,2,0.714,0.000,0.000,0.000,1.000,0
"Juliana Miller",WOMENS_FLYWEIGHT,16.0,5,2,2,0.500,0.500,0.500,0.000,0.500,0
"Talita Alencar",WOMENS_STRAWWEIGHT,16.0,5,4,1,0.800,0.250,0.000,0.250,0.750,0
"Mohammed Usman",HEAVYWEIGHT,16.0,6,4,1,0.800,0.250,0.250,0.000,0.750,0
"Rayanne dos Santos",WOMENS_STRAWWEIGHT,16.0,3,0,3,0.000,,,,,0